,Sala,Fecha2,Presidente,Integrante1,Integrante2,Integrante3,Integrante4
0,PRIMERA,2020-01-10,AMAGGI,AEGNEM,AR,MUNITA,
1,PRIMERA,2020-01-14,AMAGGI,AEGNEM,FUENTES,AR,PRADO
2,PRIMERA,2020-01-08,AMAGGI,AEGNEM,AR,AETCHEBERRY,
3,PRIMERA,2020-01-15,AMAGGI,AEGNEM,FUENTES,AR,PRADO
5,PRIMERA,2020-01-13,AMAGGI,AEGNEM,FUENTES,AR,PRADO
8,PRIMERA,2020-01-16,AMAGGI,AEGNEM,FUENTES,PEÑAILILLO,MUNITA
20,PRIMERA,2020-01-20,AMAGGI,AEGNEM,FUENTES,ARANGUIZ,PRADO
26,PRIMERA,2020-01-21,AMAGGI,FUENTES,ARANGUIZ,PRADO,GOMEZ
32,PRIMERA,2020-01-22,KÜNSEM,AMAGGI,ARANGUIZ,MUNITA,GOMEZ
36,PRIMERA,2020-01-23,AMAGGI,AEGNEM,ARANGUIZ,PRADO,MUNITA
47,PRIMERA,2020-01-24,AMAGGI,AEGNEM,PRADO,MUNITA,GOMEZ
53,PRIMERA,2020-01-27,AEGNEM,PRADO,MU,MUNITA,GOMEZ
63,PRIMERA,2020-01-28,AEGNEM,FUENTES,PRADO,MUNITA,PALLAVICINI
72,PRIMERA,2020-01-29,FUENTES,ACHEVESICH,ARANGUIZ,AMU,PRADO
81,PRIMERA,2020-01-30,AEGNEM,FUENTES,ARANGUIZ,AETCHEBERRY,GOMEZ
91,PRIMERA,2020-01-09,AMAGGI,AEGNEM,AR,AETCHEBERRY,
111,PRIMERA,2020-01-07,AMAGGI,AEGNEM,FUENTES,AR,LAGOS
127,PRIMERA,2020-01-06,AMAGGI,AEGNEM,FUENTES,AR,GÓMEZ
144,PRIMERA,2020-01-03,SILVA,AEGNEM,FUENTES,PRADO,ABUAUAD
147,PRIMERA,2020-02-10,ARANGUIZ,PRADO,BIEL,MERA,BARRA
150,PRIMERA,2020-02-11,AMAGGI,ARANGUIZ,PRADO,BIEL,MERA
154,PRIMERA,2020-02-12,AMAGGI,ARANGUIZ,PRADO,BIEL,MERA
157,PRIMERA,2020-02-13,AMAGGI,PRADO,BIEL,MERA,PALLAVICINI
164,PRIMERA,2020-02-14,AMAGGI,PRADO,BIEL,MERA,PALLAVICINI
171,PRIMERA,2020-02-17,AMAGGI,ARANGUIZ,PRADO,BIEL,MERA
181,PRIMERA,2020-02-19,AMAGGI,PRADO,BIEL,MUNITA,PALLAVICINI
189,PRIMERA,2020-02-20,AMAGGI,AEGNEM,A,BIEL,PALLAVICINI
196,PRIMERA,2020-02-21,AMAGGI,AEGNEM,BIEL,AETCHEBERRY,
204,PRIMERA,2020-02-24,AEGNEM,PRADO,BIEL,MUNITA,
213,PRIMERA,2020-02-25,AEGNEM,PRADO,BIEL,MUNITA,
221,PRIMERA,2020-02-26,AEGNEM,PRADO,MU,LAGOS,
229,PRIMERA,2020-02-27,AEGNEM,PRADO,MU,GÓMEZ,
242,PRIMERA,2020-02-28,AEGNEM,A,BIEL,GÓMEZ,
247,PRIMERA,2020-02-18,AMAGGI,PRADO,BIEL,, MU
254,PRIMERA,2020-02-07,ARANGUIZ,PRADO,BIEL,MERA,AETCHEBERRY
266,PRIMERA,2020-02-06,ARANGUIZ,PRADO,BIEL,LAGOS,GOMEZ
278,PRIMERA,2020-02-05,ARANGUIZ,PRADO,BIEL,MERA,AETCHEBERRY
290,PRIMERA,2020-02-04,ARANGUIZ,PRADO,BIEL,MERA,AETCHEBERRY
304,PRIMERA,2020-02-03,ARANGUIZ,BIEL,MERA,AETCHEBERRY,GOMEZ
308,PRIMERA,2020-03-10,AEGNEM,, FUENTES,PRADO,PEÑAILILLO
309,PRIMERA,2020-03-11,AEGNEM,, FUENTES,PRADO,MUNITA
313,PRIMERA,2020-03-12,AEGNEM,, FUENTES,PRADO,MUNITA
316,PRIMERA,2020-03-13,AEGNEM,, FUENTES,PRADO,MUNITA
320,PRIMERA,2020-03-16,AEGNEM,, FUENTES,AMU,PRADO
325,PRIMERA,2020-03-17,AEGNEM,, FUENTES,PRADO,MU
326,PRIMERA,2020-03-18,FUENTES,PRADO,MU,MUNITA.,BARRA
332,PRIMERA,2020-03-19,AMAGGI,FUENTES,PRADO,MU,MUNITA.
340,PRIMERA,2020-03-23,AMAGGI,AEGNEM,FUENTES,PRADO,MU
346,PRIMERA,2020-03-24,AMAGGI,AEGNEM,FUENTES,PRADO,MU
353,PRIMERA,2020-03-25,AMAGGI,AEGNEM,FUENTES,PRADO,MU
363,PRIMERA,2020-03-26,AMAGGI,AEGNEM,FUENTES,PRADO,MU
370,PRIMERA,2020-03-27,AMAGGI,AEGNEM,FUENTES,PRADO,ZEPEDA
377,PRIMERA,2020-03-30,AMAGGI,AEGNEM,FUENTES,PRADO,MU
385,PRIMERA,2020-03-09,AEGNEM,, FUENTES,PRADO,PEÑAILILLO
393,PRIMERA,2020-03-06,AMAGGI,A,, FUENTES,ARANGUIZ
401,PRIMERA,2020-03-05,AMAGGI,A,, FUENTES,ARANGUIZ
414,PRIMERA,2020-03-04,AMAGGI,A,, FUENTES,ARANGUIZ
430,PRIMERA,2020-03-02,AMAGGI,A,, FUENTES,AR
432,PRIMERA,2020-04-13,AMAGGI,AEGNEM,FUENTES,ARANGUIZ,PRADO
434,PRIMERA,2020-04-14,AMAGGI,AEGNEM,FUENTES,ARANGUIZ,PRADO
437,PRIMERA,2020-04-15,AMAGGI,AEGNEM,FUENTES,ARANGUIZ,PRADO
442,PRIMERA,2020-04-16,AMAGGI,AEGNEM,ARANGUIZ,PRADO,MUNITA
445,PRIMERA,2020-04-17,AMAGGI,AEGNEM,ARANGUIZ,PRADO,MUNITA
451,PRIMERA,2020-04-20,AMAGGI,AEGNEM,ARANGUIZ,PRADO,GOMEZ
455,PRIMERA,2020-04-21,AMAGGI,AEGNEM,FUENTES,ARANGUIZ,PRADO
461,PRIMERA,2020-04-22,AMAGGI,AEGNEM,FUENTES,ARANGUIZ,PRADO
469,PRIMERA,2020-04-23,AMAGGI,AEGNEM,FUENTES,ARANGUIZ,PRADO
479,PRIMERA,2020-04-24,AMAGGI,AEGNEM,FUENTES,ARANGUIZ,PRADO
492,PRIMERA,2020-04-27,AMAGGI,AEGNEM,FUENTES,ARANGUIZ,PRADO
504,PRIMERA,2020-04-28,AMAGGI,AEGNEM,FUENTES,ARANGUIZ,PRADO
517,PRIMERA,2020-04-29,AMAGGI,AEGNEM,FUENTES,ARANGUIZ,PRADO
531,PRIMERA,2020-04-09,AMAGGI,AEGNEM,FUENTES,PRADO,MU
545,PRIMERA,2020-04-08,AMAGGI,AEGNEM,FUENTES,PRADO,MU
560,PRIMERA,2020-04-07,AMAGGI,AEGNEM,FUENTES,PRADO,MU
578,PRIMERA,2020-04-03,AMAGGI,AEGNEM,FUENTES,PRADO,MU
594,PRIMERA,2020-04-02,AMAGGI,AEGNEM,FUENTES,PRADO,MU
614,PRIMERA,2020-04-01,AMAGGI,AEGNEM,FUENTES,PRADO,MU
617,PRIMERA,2020-05-11,AMAGGI,AEGNEM,FUENTES,ARANGUIZ,GOMEZ
618,PRIMERA,2020-05-12,AMAGGI,AEGNEM,FUENTES,ARANGUIZ,PRADO
624,PRIMERA,2020-05-13,AMAGGI,AEGNEM,FUENTES,ARANGUIZ,PRADO
629,PRIMERA,2020-05-14,AEGNEM,FUENTES,ARANGUIZ,PRADO,MUNITA
635,PRIMERA,2020-05-15,AEGNEM,FUENTES,ARANGUIZ,PRADO,GOMEZ
641,PRIMERA,2020-05-18,AMAGGI,FUENTES,ARANGUIZ,PRADO,GOMEZ
647,PRIMERA,2020-05-19,AMAGGI,FUENTES,ARANGUIZ,PRADO,GOMEZ
656,PRIMERA,2020-05-20,AMAGGI,AEGNEM,FUENTES,ARANGUIZ,PRADO
665,PRIMERA,2020-05-22,AMAGGI,AEGNEM,FUENTES,ARANGUIZ,PRADO
675,PRIMERA,2020-05-25,AMAGGI,AEGNEM,FUENTES,ARANGUIZ,PRADO
699,PRIMERA,2020-05-27,AMAGGI,AEGNEM,FUENTES,ARANGUIZ,PRADO
709,PRIMERA,2020-05-26,AMAGGI,AEGNEM,FUENTES,ARANGUIZ,PRADO
711,PRIMERA,2020-05-28,AMAGGI,AEGNEM,FUENTES,ARANGUIZ,PRADO
726,PRIMERA,2020-05-29,AMAGGI,AEGNEM,FUENTES,ARANGUIZ,PRADO
741,PRIMERA,2020-05-08,AMAGGI,AEGNEM,FUENTES,ARANGUIZ,MUNITA
752,PRIMERA,2020-05-07,AMAGGI,AEGNEM,FUENTES,ARANGUIZ,PRADO
761,PRIMERA,2020-05-06,AMAGGI,AEGNEM,FUENTES,ARANGUIZ,PRADO
771,PRIMERA,2020-05-05,AMAGGI,AEGNEM,FUENTES,AR,PRADO
781,PRIMERA,2020-05-04,AMAGGI,AEGNEM,FUENTES,ARANGUIZ,PRADO
783,PRIMERA,2020-06-10,AMAGGI,AEGNEM,FUENTES,PRADO,ZEPEDA
785,PRIMERA,2020-06-11,AMAGGI,AEGNEM,PRADO,ZEPEDA,MUNITA
787,PRIMERA,2020-06-12,AMAGGI,AEGNEM,FUENTES,PRADO,ZEPEDA
790,PRIMERA,2020-06-15,AMAGGI,FUENTES,PRADO,ZEPEDA,GOMEZ
795,PRIMERA,2020-06-16,AMAGGI,FUENTES,PRADO,ZEPEDA,AGAJARDO
799,PRIMERA,2020-06-17,AMAGGI,AEGNEM,FUENTES,PRADO,ZEPEDA
805,PRIMERA,2020-06-18,AMAGGI,AEGNEM,FUENTES,PRADO,ZEPEDA
810,PRIMERA,2020-06-19,AMAGGI,AEGNEM,FUENTES,PRADO,ZEPEDA
814,PRIMERA,2020-06-22,AMAGGI,AEGNEM,FUENTES,PRADO,ZEPEDA
820,PRIMERA,2020-06-23,AMAGGI,AEGNEM,FUENTES,PRADO,ZEPEDA
828,PRIMERA,2020-06-24,AMAGGI,AEGNEM,FUENTES,PRADO,ZEPEDA
838,PRIMERA,2020-06-25,AEGNEM,FUENTES,PRADO,ZEPEDA,MUNITA
849,PRIMERA,2020-06-26,AEGNEM,FUENTES,PRADO,ZEPEDA,GOMEZ
858,PRIMERA,2020-06-30,AMAGGI,AEGNEM,PRADO,LAGOS,MUNITA
868,PRIMERA,2020-06-09,AMAGGI,FUENTES,PRADO,LAGOS,MUNITA
881,PRIMERA,2020-06-08,AMAGGI,AEGNEM,PRADO,MUNITA,GOMEZ
890,PRIMERA,2020-06-05,AMAGGI,AEGNEM,FUENTES,PRADO,GOMEZ
912,PRIMERA,2020-06-04,AMAGGI,AEGNEM,FUENTES,PRADO,MUNITA
913,PRIMERA,2020-06-03,AMAGGI,AEGNEM,FUENTES,ARANGUIZ,PRADO
923,PRIMERA,2020-06-02,AMAGGI,AEGNEM,FUENTES,ARANGUIZ,PRADO
937,PRIMERA,2020-06-01,AMAGGI,AEGNEM,FUENTES,ARANGUIZ,PRADO
939,PRIMERA,2020-07-10,AMAGGI,AEGNEM,FUENTES,PRADO,ZEPEDA
940,PRIMERA,2020-07-13,AMAGGI,AEGNEM,FUENTES,PRADO,AETCHEBERRY
943,PRIMERA,2020-07-14,AEGNEM,FUENTES,PRADO,ZEPEDA,GOMEZ
947,PRIMERA,2020-07-15,AMAGGI,AEGNEM,FUENTES,PRADO,ZEPEDA
951,PRIMERA,2020-07-17,AEGNEM,FUENTES,PRADO,MUNITA,GOMEZ
952,PRIMERA,2020-07-20,AMAGGI,FUENTES,PRADO,ZEPEDA,MUNITA
954,PRIMERA,2020-07-21,AMAGGI,FUENTES,PRADO,ZEPEDA,GOMEZ
955,PRIMERA,2020-07-22,AMAGGI,AEGNEM,FUENTES,PRADO,ZEPEDA
959,PRIMERA,2020-07-23,AMAGGI,AEGNEM,FUENTES,PRADO,MUNITA
965,PRIMERA,2020-07-24,AMAGGI,AEGNEM,FUENTES,PRADO,ZEPEDA
972,PRIMERA,2020-07-27,AMAGGI,AEGNEM,FUENTES,PRADO,GOMEZ
980,PRIMERA,2020-07-28,AMAGGI,AEGNEM,FUENTES,PRADO,ABUAUAD
990,PRIMERA,2020-07-29,AMAGGI,AEGNEM,PRADO,ZEPEDA,MUNITA
999,PRIMERA,2020-07-30,AMAGGI,AEGNEM,FUENTES,PRADO,ZEPEDA
1008,PRIMERA,2020-07-31,AMAGGI,AEGNEM,FUENTES,PRADO,MUNITA
1018,PRIMERA,2020-07-09,AMAGGI,AEGNEM,FUENTES,PRADO,ZEPEDA
1033,PRIMERA,2020-07-08,BRITO,AEGNEM,FUENTES,PRADO,ZEPEDA
1043,PRIMERA,2020-07-07,AMAGGI,AEGNEM,FUENTES,PRADO,ZEPEDA
1054,PRIMERA,2020-07-06,AMAGGI,AEGNEM,FUENTES,PRADO,ZEPEDA
1069,PRIMERA,2020-07-03,AMAGGI,AEGNEM,FUENTES,PRADO,ZEPEDA
1083,PRIMERA,2020-07-02,AMAGGI,AEGNEM,FUENTES,PRADO,MUNITA
1102,PRIMERA,2020-07-01,AMAGGI,AEGNEM,FUENTES,ZEPEDA,GOMEZ
1105,PRIMERA,2020-08-10,AMAGGI,AEGNEM,FUENTES,PRADO,ZEPEDA
1106,PRIMERA,2020-08-11,AMAGGI,AEGNEM,FUENTES,PRADO,ZEPEDA
1109,PRIMERA,2020-08-12,AMAGGI,AEGNEM,FUENTES,PRADO,ZEPEDA
1112,PRIMERA,2020-08-13,AMAGGI,AEGNEM,FUENTES,ZEPEDA,GOMEZ
1118,PRIMERA,2020-08-14,AMAGGI,AEGNEM,FUENTES,PRADO,MUNITA
1122,PRIMERA,2020-08-17,AMAGGI,AEGNEM,PRADO,ZEPEDA,GOMEZ
1131,PRIMERA,2020-08-19,AEGNEM,FUENTES,ZEPEDA,MUNITA,GOMEZ
1136,PRIMERA,2020-08-20,AEGNEM,FUENTES,ZEPEDA,MUNITA,GOMEZ
1142,PRIMERA,2020-08-21,AMAGGI,AEGNEM,FUENTES,PRADO,ZEPEDA
1150,PRIMERA,2020-08-24,AMAGGI,AEGNEM,FUENTES,PRADO,ZEPEDA
1158,PRIMERA,2020-08-25,AMAGGI,AEGNEM,FUENTES,PRADO,MUNITA
1166,PRIMERA,2020-08-26,AMAGGI,PRADO,ZEPEDA,LAGOS,MUNITA
1174,PRIMERA,2020-08-27,AMAGGI,PRADO,ZEPEDA,MUNITA,GOMEZ
1181,PRIMERA,2020-08-28,AMAGGI,AEGNEM,FUENTES,ARANGUIZ,PRADO
1195,PRIMERA,2020-08-31,AMAGGI,AEGNEM,FUENTES,ARANGUIZ,PRADO
1209,PRIMERA,2020-08-07,AMAGGI,AEGNEM,FUENTES,PRADO,ZEPEDA
1222,PRIMERA,2020-08-06,AMAGGI,AEGNEM,FUENTES,PRADO,ZEPEDA
1234,PRIMERA,2020-08-05,AMAGGI,AEGNEM,FUENTES,PRADO,ZEPEDA
1249,PRIMERA,2020-08-04,AMAGGI,AEGNEM,FUENTES,PRADO,ZEPEDA
1261,PRIMERA,2020-08-03,AMAGGI,AEGNEM,FUENTES,PRADO,GOMEZ
1263,PRIMERA,2020-09-10,AEGNEM,FUENTES,ARANGUIZ,PRADO,MUNITA
1266,PRIMERA,2020-09-11,AEGNEM,FUENTES,ARANGUIZ,PRADO,GOMEZ
1273,PRIMERA,2020-09-15,AMAGGI,FUENTES,ARANGUIZ,PRADO,MUNITA
1275,PRIMERA,2020-09-14,BRITO,AMAGGI,FUENTES,ARANGUIZ,PRADO
1282,PRIMERA,2020-09-16,AMAGGI,AEGNEM,FUENTES,ARANGUIZ,PRADO
1289,PRIMERA,2020-09-17,AMAGGI,AEGNEM,FUENTES,ARANGUIZ,PRADO
1297,PRIMERA,2020-09-21,AMAGGI,AEGNEM,FUENTES,ARANGUIZ,PRADO
1306,PRIMERA,2020-09-22,AMAGGI,AEGNEM,FUENTES,ARANGUIZ,PRADO
1314,PRIMERA,2020-09-23,AMAGGI,AEGNEM,FUENTES,PRADO,GOMEZ
1325,PRIMERA,2020-09-24,AEGNEM,FUENTES,PRADO,MUNITA,GOMEZ
1336,PRIMERA,2020-09-25,AMAGGI,AEGNEM,ARANGUIZ,PRADO,MUNITA
1348,PRIMERA,2020-09-28,AMAGGI,AEGNEM,FUENTES,PRADO,MUNITA
1362,PRIMERA,2020-09-29,AMAGGI,AEGNEM,FUENTES,BIEL,MUNITA
1377,PRIMERA,2020-09-30,AMAGGI,AEGNEM,PRADO,LAGOS,MUNITA
1393,PRIMERA,2020-09-09,AMAGGI,AEGNEM,FUENTES,ARANGUIZ,AETCHEBERRY
1409,PRIMERA,2020-09-08,AMAGGI,AEGNEM,FUENTES,ARANGUIZ,GOMEZ
1426,PRIMERA,2020-09-07,AMAGGI,AEGNEM,FUENTES,ARANGUIZ,PRADO
1445,PRIMERA,2020-09-04,AMAGGI,AEGNEM,FUENTES,ARANGUIZ,PRADO
1468,PRIMERA,2020-09-03,AMAGGI,AEGNEM,FUENTES,ARANGUIZ,PRADO
1483,PRIMERA,2020-09-02,AMAGGI,AEGNEM,FUENTES,ARANGUIZ,PRADO
1503,PRIMERA,2020-09-01,AMAGGI,AEGNEM,FUENTES,ARANGUIZ,GOMEZ
1506,PRIMERA,2020-10-13,AEGNEM,FUENTES,PRADO,BIEL,MUNITA
1509,PRIMERA,2020-10-14,AMAGGI,AEGNEM,VALDERRAMA,PRADO,BIEL
1513,PRIMERA,2020-10-15,AMAGGI,AEGNEM,FUENTES,VALDERRAMA,BIEL
1518,PRIMERA,2020-10-16,AEGNEM,FUENTES,BIEL,LAGOS,GOMEZ
1523,PRIMERA,2020-10-19,AMAGGI,AEGNEM,FUENTES,PRADO,BIEL
1530,PRIMERA,2020-10-20,AMAGGI,AEGNEM,FUENTES,PRADO,BIEL
1537,PRIMERA,2020-10-21,AMAGGI,AEGNEM,FUENTES,PRADO,GOMEZ
1547,PRIMERA,2020-10-22,AMAGGI,PRADO,BIEL,MUNITA,GOMEZ
1556,PRIMERA,2020-10-23,AMAGGI,AEGNEM,FUENTES,PRADO,BIEL
1565,PRIMERA,2020-10-27,AMAGGI,AEGNEM,FUENTES,PRADO,BIEL
1597,PRIMERA,2020-10-28,AMAGGI,PRADO,LLANOS,MUNITA,GOMEZ
1598,PRIMERA,2020-10-29,AMAGGI,AEGNEM,PRADO,AREPETTO,LAGOS
1610,PRIMERA,2020-10-30,AMAGGI,AEGNEM,FUENTES,APRADO,GOMEZ
1625,PRIMERA,2020-10-09,AMAGGI,FUENTES,PRADO,BIEL,MUNITA
1641,PRIMERA,2020-10-08,AMAGGI,FUENTES,PRADO,BIEL,MUNITA
1658,PRIMERA,2020-10-07,AMAGGI,AEGNEM,FUENTES,PRADO,BIEL
1676,PRIMERA,2020-10-06,AMAGGI,AEGNEM,FUENTES,BIEL,GOMEZ
1696,PRIMERA,2020-10-05,AMAGGI,AEGNEM,FUENTES,PRADO,BIEL
1715,PRIMERA,2020-10-02,AMAGGI,AEGNEM,FUENTES,PRADO,BIEL
1736,PRIMERA,2020-10-01,AMAGGI,AEGNEM,FUENTES,PRADO,BIEL
1739,PRIMERA,2020-11-10,AMAGGI,PRADO,MU,SHERTZER,GOMEZ
1741,PRIMERA,2020-11-11,AMAGGI,PRADO,BIEL,MU,SHERTZER
1745,PRIMERA,2020-11-12,PRADO,BIEL,MU,SHERTZER,MUNITA
1749,PRIMERA,2020-11-13,PRADO,BIEL,MU,SHERTZER,ABUAUAD
1755,PRIMERA,2020-11-16,AMAGGI,PRADO,BIEL,MU,SHERTZER
1760,PRIMERA,2020-11-17,PRADO,MU,SHERTZER,LAGOS,AETCHEBERRY
1768,PRIMERA,2020-11-18,AMAGGI,PRADO,BIEL,MU,SHERTZER
1777,PRIMERA,2020-11-19,AMAGGI,PRADO,BIEL,MU,SHERTZER
1786,PRIMERA,2020-11-20,AMAGGI,PRADO,BIEL,MU,SHERTZER
1797,PRIMERA,2020-11-23,AMAGGI,MU,SHERTZER,LAGOS,MUNITA
1809,PRIMERA,2020-11-24,AMAGGI,AEGNEM,FUENTES,LAGOS,MUNITA
1834,PRIMERA,2020-11-25,AMAGGI,FUENTES,BIEL,MUNITA,GOMEZ
1835,PRIMERA,2020-11-26,AREPETTO,LLANOS,BIEL,MUNITA,GOMEZ
1848,PRIMERA,2020-11-27,AEGNEM,LLANOS,ARAVANALES,MUNITA,GOMEZ
1863,PRIMERA,2020-11-30,AEGNEM,FUENTES,APRADO,LAGOS,ABUAUAD
1880,PRIMERA,2020-11-09,AMAGGI,PRADO,MU,SHERTZER,MUNITA
1896,PRIMERA,2020-11-25,AMAGGI,AMU,PRADO,AREPETTO,BIEL
1912,PRIMERA,2020-11-09,AMAGGI,AMU,PRADO,AREPETTO,BIEL
1913,PRIMERA,2020-11-05,AMAGGI,BIEL,MU,SHERTZER,GOMEZ
1930,PRIMERA,2020-11-04,AMAGGI,PRADO,BIEL,MU,SHERTZER
1945,PRIMERA,2020-11-30,AMAGGI,AMU,PRADO,AREPETTO,BIEL
1948,PRIMERA,2020-11-03,AMAGGI,PRADO,BIEL,MU,SHERTZER
1968,PRIMERA,2020-11-02,AMAGGI,PRADO,BIEL,MU,SHERTZER
1971,PRIMERA,2020-12-10,AMAGGI,PRADO,BIEL,AETCHEBERRY,BARRA
1974,PRIMERA,2020-12-11,AMAGGI,PRADO,AREPETTO,BIEL,MUNITA
1980,PRIMERA,2020-12-14,AMAGGI,PRADO,BIEL,AETCHEBERRY,ABUAUAD
1985,PRIMERA,2020-12-15,AMAGGI,AEGNEM,FUENTES,PRADO,AETCHEBERRY
1991,PRIMERA,2020-12-16,AMAGGI,AEGNEM,FUENTES,PRADO,BIEL
1998,PRIMERA,2020-12-17,AEGNEM,FUENTES,PRADO,BIEL,MU
2005,PRIMERA,2020-12-21,BRITO,AEGNEM,FUENTES,PRADO,BIEL
2014,PRIMERA,2020-12-22,AEGNEM,FUENTES,PRADO,MU,PALLAVICINI
2023,PRIMERA,2020-12-23,AEGNEM,FUENTES,PRADO,BIEL,MU
2035,PRIMERA,2020-12-24,AEGNEM,FUENTES,PRADO,BIEL,MU
2047,PRIMERA,2020-12-28,AEGNEM,FUENTES,PRADO,MU,GOMEZ
2057,PRIMERA,2020-12-29,AEGNEM,PRADO,MU,MUNITA,GOMEZ
2071,PRIMERA,2020-12-30,AEGNEM,PRADO,BIEL,MUNITA,BARRA
2089,PRIMERA,2020-12-31,AEGNEM,PRADO,BIEL,MU,GOMEZ
2101,PRIMERA,2020-12-09,AMAGGI,PRADO,ARAVANALES,MUNITA,GOMEZ
2116,PRIMERA,2020-12-07,AMU,PRADO,AREPETTO,BIEL,BARRA
2133,PRIMERA,2020-12-04,AMAGGI,FUENTES,PRADO,AREPETTO,GOMEZ
2151,PRIMERA,2020-12-03,AMAGGI,AEGNEM,FUENTES,PRADO,ARAVANALES
2170,PRIMERA,2020-12-02,AMAGGI,PRADO,BIEL,LAGOS,GOMEZ
2188,PRIMERA,2020-12-01,FUENTES,ARAVANALES,BIEL,LAGOS,BARRA
2191,PRIMERA,2021-01-11,FUENTES,PRADO,BIEL,MUNITA,DE
2194,PRIMERA,2021-01-12,FUENTES,PRADO,BIEL,MUNITA,ABUAUAD
2197,PRIMERA,2021-01-13,FUENTES,PRADO,BIEL,AETCHEBERRY,GOMEZ
2202,PRIMERA,2021-01-14,FUENTES,PRADO,BIEL,BARRA,AGAJARDO
2208,PRIMERA,2021-01-15,FUENTES,PRADO,BIEL,MUNITA,ABUAUAD
2214,PRIMERA,2021-01-18,FUENTES,PRADO,BIEL,MUNITA,DE
2222,PRIMERA,2021-01-19,FUENTES,PRADO,SHERTZER,ABUAUAD,PALLAVICINI
2230,PRIMERA,2021-01-20,FUENTES,PRADO,BIEL,MUNITA,GOMEZ
2239,PRIMERA,2021-01-21,AEGNEM,FUENTES,PRADO,BIEL,MUNITA
2249,PRIMERA,2021-01-22,AEGNEM,FUENTES,PRADO,LAGOS,MUNITA
2260,PRIMERA,2021-01-25,AEGNEM,FUENTES,PRADO,BIEL,MUNITA
2275,PRIMERA,2021-01-26,AEGNEM,FUENTES,PRADO,BIEL,AETCHEBERRY
2285,PRIMERA,2021-01-27,AEGNEM,CARROZA,BIEL,LAGOS,GOMEZ
2299,PRIMERA,2021-01-28,AEGNEM,BIEL,SHERTZER,LAGOS,GOMEZ
2315,PRIMERA,2021-01-29,AEGNEM,CARROZA,BIEL,LAGOS,GOMEZ
2332,PRIMERA,2021-01-08,FUENTES,PRADO,BIEL,LAGOS,AETCHEBERRY
2348,PRIMERA,2021-01-07,FUENTES,PRADO,BIEL,LAGOS,MUNITA
2376,PRIMERA,2021-01-06,FUENTES,PRADO,BIEL,LAGOS,MUNITA
2378,PRIMERA,2021-02-10,PRADO,SILVA,BIEL,MU,SHERTZER
2384,PRIMERA,2021-02-11,PRADO,SILVA,BIEL,MU,SHERTZER
2389,PRIMERA,2021-02-16,PRADO,SILVA,BIEL,MU,MUNITA
2394,PRIMERA,2021-02-17,PRADO,BIEL,MU,VAZQUEZ,LAGOS
2401,PRIMERA,2021-02-15,PRADO,BIEL,MU,MUNITA,GOMEZ
2404,PRIMERA,2021-02-18,PRADO,BIEL,MU,SHERTZER,MUNITA
2409,PRIMERA,2021-02-19,PRADO,BIEL,MU,MERA,LAGOS
2417,PRIMERA,2021-02-22,PRADO,SILVA,MU,LAGOS,PALLAVICINI
2436,PRIMERA,2021-02-23,PRADO,SILVA,MU,CONTRERAS,ALUSIC
2437,PRIMERA,2021-02-24,PRADO,SILVA,MU,CONTRERAS,MUNITA
2447,PRIMERA,2021-02-25,PRADO,SILVA,MU,CONTRERAS,LUSIC
2462,PRIMERA,2021-02-26,PRADO,SILVA,MU,VAZQUEZ,CONTRERAS
2486,PRIMERA,2021-02-08,PRADO,SILVA,BIEL,MU,SHERTZER
2512,PRIMERA,2021-02-09,PRADO,SILVA,BIEL,MU,SHERTZER
2514,PRIMERA,2021-02-04,PRADO,SILVA,BIEL,SHERTZER,MUNITA
2530,PRIMERA,2021-02-03,PRADO,SILVA,BIEL,MU,SHERTZER
2547,PRIMERA,2021-02-02,PRADO,SILVA,BIEL,MU,SHERTZER
2563,PRIMERA,2021-02-01,PRADO,BIEL,MU,SHERTZER,MUNITA
2566,PRIMERA,2021-03-10,PRADO,SILVA,MU,CONTRERAS,ALUSIC
2570,PRIMERA,2021-03-11,PRADO,SILVA,MU,CONTRERAS,FUENTES
2571,PRIMERA,2021-03-12,PRADO,SILVA,MU,CONTRERAS,ALUSIC
2576,PRIMERA,2021-03-15,BRITO,PRADO,SILVA,CONTRERAS,ALUSIC
2584,PRIMERA,2021-03-16,PRADO,SILVA,CONTRERAS,ALUSIC,MUNITA
2586,PRIMERA,2021-03-17,AEGNEM,PRADO,SILVA,ALUSIC,FUENTES
2593,PRIMERA,2021-03-18,AEGNEM,SILVA,CONTRERAS,ALUSIC,MUNITA
2602,PRIMERA,2021-03-19,AEGNEM,SILVA,CONTRERAS,MUNITA,HUMERES
2625,PRIMERA,2021-03-22,FUENTES,PRADO,SILVA,ALUSIC,MUNITA
2633,PRIMERA,2021-03-23,FUENTES,SILVA,ALUSIC,MUNITA,FUENTES
2634,PRIMERA,2021-03-24,AEGNEM,FUENTES,PRADO,SILVA,ALUSIC
2645,PRIMERA,2021-03-25,AEGNEM,FUENTES,PRADO,FUENTES,ABENAVIDES
2659,PRIMERA,2021-03-26,AEGNEM,FUENTES,PRADO,MUNITA,FUENTES
2701,PRIMERA,2021-03-29,AEGNEM,FUENTES,PRADO,SILVA,ALUSIC
2702,PRIMERA,2021-03-30,AEGNEM,FUENTES,PRADO,SILVA,ALUSIC
2703,PRIMERA,2021-03-31,AEGNEM,FUENTES,PRADO,SILVA,FUENTES
2718,PRIMERA,2021-03-09,PRADO,SILVA,MU,CONTRERAS,ALUSIC
2737,PRIMERA,2021-03-08,PRADO,SILVA,MU,CONTRERAS,ALUSIC
2756,PRIMERA,2021-03-05,PRADO,SILVA,AREPETTO,MU,CONTRERAS
2777,PRIMERA,2021-03-04,PRADO,SILVA,MU,CONTRERAS,ALUSIC
2799,PRIMERA,2021-03-03,PRADO,SILVA,MU,CONTRERAS,ALUSIC
2820,PRIMERA,2021-03-02,PRADO,SILVA,MU,CONTRERAS,ALUSIC
2843,PRIMERA,2021-03-01,PRADO,SILVA,MU,CONTRERAS,ALUSIC
2848,PRIMERA,2021-04-12,AMAGGI,AEGNEM,FUENTES,PRADO,SILVA
2849,PRIMERA,2021-04-13,AEGNEM,FUENTES,PRADO,SILVA,ACOPPO
2853,PRIMERA,2021-04-14,AMAGGI,AEGNEM,FUENTES,SILVA,MUNITA
2857,PRIMERA,2021-04-15,AMAGGI,FUENTES,PRADO,SILVA,FUENTES
2862,PRIMERA,2021-04-16,AMAGGI,AEGNEM,FUENTES,PRADO,ARAVANALES
2868,PRIMERA,2021-04-19,AEGNEM,PRADO,SILVA,AREPETTO,MUNITA
2876,PRIMERA,2021-04-20,AEGNEM,FUENTES,PRADO,SILVA,FUENTES
2889,PRIMERA,2021-04-22,AMAGGI,AEGNEM,PRADO,MUNITA,FUENTES
2897,PRIMERA,2021-04-23,AMAGGI,AEGNEM,PRADO,SILVA,ACOPPO
2908,PRIMERA,2021-04-26,AMAGGI,FUENTES,PRADO,SILVA,HUMERES
2918,PRIMERA,2021-04-27,AEGNEM,FUENTES,AREPETTO,MUNITA,RUZ
2928,PRIMERA,2021-04-28,AMAGGI,AEGNEM,FUENTES,PRADO,HUMERES
2943,PRIMERA,2021-04-29,AMAGGI,AEGNEM,FUENTES,PRADO,SILVA
2959,PRIMERA,2021-04-30,AEGNEM,FUENTES,PRADO,HUMERES,FUENTES
2974,PRIMERA,2021-04-09,AMAGGI,AEGNEM,FUENTES,PRADO,SILVA
2992,PRIMERA,2021-04-08,AMAGGI,AEGNEM,FUENTES,PRADO,SILVA
3006,PRIMERA,2021-04-07,AMAGGI,AEGNEM,FUENTES,PRADO,MUNITA
3024,PRIMERA,2021-04-06,AMAGGI,AEGNEM,FUENTES,PRADO,SILVA
3063,PRIMERA,2021-04-01,AEGNEM,FUENTES,SILVA,ALUSIC,HUMERES
3068,PRIMERA,2021-05-10,AMAGGI,PRADO,SILVA,HUMERES,FUENTES
3069,PRIMERA,2021-05-11,AMAGGI,AEGNEM,FUENTES,PRADO,SILVA
3072,PRIMERA,2021-05-12,AMAGGI,AEGNEM,FUENTES,PRADO,MUNITA
3075,PRIMERA,2021-05-13,AMAGGI,AEGNEM,FUENTES,AMU,MUNITA
3082,PRIMERA,2021-05-14,FUENTES,PRADO,SILVA,MUNITA,FUENTES
3088,PRIMERA,2021-05-17,AMAGGI,AEGNEM,FUENTES,SILVA,HUMERES
3097,PRIMERA,2021-05-18,AMAGGI,AEGNEM,FUENTES,PRADO,SILVA
3106,PRIMERA,2021-05-19,AMAGGI,PRADO,SILVA,BIEL,FUENTES
3115,PRIMERA,2021-05-20,AMAGGI,PRADO,SILVA,MU,FUENTES
3124,PRIMERA,2021-05-24,AMAGGI,ACHEVESICH,AMU,PRADO,SILVA
3136,PRIMERA,2021-05-25,AMAGGI,PRADO,SILVA,BIEL,ZEPEDA
3160,PRIMERA,2021-05-26,BRITO,PRADO,SILVA,BIEL,HUMERES
3175,PRIMERA,2021-05-28,AMAGGI,PRADO,SILVA,BIEL,MUNITA
3189,PRIMERA,2021-05-27,AMAGGI,PRADO,SILVA,BIEL,ZEPEDA
3204,PRIMERA,2021-05-31,AMAGGI,SILVA,BIEL,MU,FUENTES
3205,PRIMERA,2021-05-07,AMAGGI,PRADO,SILVA,HUMERES,FUENTES
3221,PRIMERA,2021-05-06,AMAGGI,AMU,PRADO,SILVA,FUENTES
3240,PRIMERA,2021-05-05,AMAGGI,AEGNEM,FUENTES,PRADO,SILVA
3256,PRIMERA,2021-05-04,AMAGGI,AEGNEM,FUENTES,PRADO,SILVA
3275,PRIMERA,2021-05-03,AEGNEM,FUENTES,PRADO,SILVA,HUMERES
3276,PRIMERA,2021-06-10,AMAGGI,PRADO,ARAVANALES,ALETELIER,MU
3281,PRIMERA,2021-06-11,AMAGGI,BIEL,MU,MUNITA,FUENTES
3287,PRIMERA,2021-06-14,BRITO,AMAGGI,PRADO,SILVA,BIEL
3290,PRIMERA,2021-06-15,PRADO,BIEL,MU,AGAJARDO,FUENTES
3296,PRIMERA,2021-06-16,AMAGGI,PRADO,SILVA,BIEL,MU
3305,PRIMERA,2021-06-17,AMAGGI,PRADO,SILVA,BIEL,MU
3311,PRIMERA,2021-06-18,AMAGGI,PRADO,SILVA,BIEL,HUMERES
3319,PRIMERA,2021-06-22,AMAGGI,PRADO,SILVA,BIEL,MU
3349,PRIMERA,2021-06-23,AMAGGI,PRADO,SILVA,BIEL,MU
3350,PRIMERA,2021-06-24,AMAGGI,PRADO,SILVA,BIEL,MU
3351,PRIMERA,2021-06-25,AMAGGI,PRADO,SILVA,BIEL,FUENTES
3362,PRIMERA,2021-06-29,AMAGGI,PRADO,SILVA,ARAVANALES,BIEL
3376,PRIMERA,2021-06-30,SILVA,ALETELIER,MU,ZEPEDA,HUMERES
3390,PRIMERA,2021-06-09,AMAGGI,PRADO,SILVA,BIEL,MU
3407,PRIMERA,2021-06-08,AMAGGI,PRADO,SILVA,BIEL,MU
3421,PRIMERA,2021-06-07,AMAGGI,PRADO,SILVA,BIEL,ZEPEDA
3437,PRIMERA,2021-06-04,PRADO,SILVA,BIEL,MU,MUNITA
3455,PRIMERA,2021-06-03,AMAGGI,PRADO,SILVA,BIEL,ZEPEDA
3474,PRIMERA,2021-06-02,AMAGGI,PRADO,SILVA,BIEL,ZEPEDA
3492,PRIMERA,2021-06-01,AMAGGI,PRADO,SILVA,BIEL,MU
3495,PRIMERA,2021-07-12,AMAGGI,PRADO,SILVA,BIEL,MU
3497,PRIMERA,2021-07-13,AMAGGI,PRADO,SILVA,BIEL,FUENTES
3502,PRIMERA,2021-07-14,AMAGGI,AEGNEM,FUENTES,PRADO,HUMERES
3509,PRIMERA,2021-07-15,AMAGGI,AEGNEM,FUENTES,MUNITA,FUENTES
3513,PRIMERA,2021-07-19,AMAGGI,AEGNEM,PRADO,SILVA,HUMERES
3521,PRIMERA,2021-07-20,AMAGGI,FUENTES,PRADO,SILVA,AGAJARDO
3534,PRIMERA,2021-07-22,AMAGGI,AEGNEM,FUENTES,SILVA,MUNITA
3544,PRIMERA,2021-07-23,AMAGGI,FUENTES,PRADO,SILVA,FUENTES
3548,PRIMERA,2021-07-26,PRADO,SILVA,MU,, MERA
3560,PRIMERA,2021-07-27,AMAGGI,PRADO,SILVA,MU,
3571,PRIMERA,2021-07-28,AMAGGI,PRADO,SILVA,MU,
3579,PRIMERA,2021-07-29,AMAGGI,SILVA,MU,, GONZALEZ
3591,PRIMERA,2021-07-30,AMAGGI,PRADO,SILVA,MU,MUNITA
3602,PRIMERA,2021-07-09,AMAGGI,PRADO,SILVA,MU,HUMERES
3616,PRIMERA,2021-07-08,AMAGGI,PRADO,SILVA,BIEL,MU
3630,PRIMERA,2021-07-07,AMAGGI,PRADO,SILVA,BIEL,MUNITA
3642,PRIMERA,2021-07-06,AMAGGI,PRADO,SILVA,BIEL,MUNITA
3657,PRIMERA,2021-07-05,AMAGGI,PRADO,SILVA,BIEL,MU
3670,PRIMERA,2021-07-02,AMAGGI,PRADO,SILVA,BIEL,MU
3687,PRIMERA,2021-07-01,PRADO,BIEL,MU,MUNITA,FUENTES
3690,PRIMERA,2021-08-10,AEGNEM,FUENTES,PRADO,SILVA,RUZ
3693,PRIMERA,2021-08-11,AEGNEM,FUENTES,SILVA,MUNITA,HUMERES
3696,PRIMERA,2021-08-12,AEGNEM,FUENTES,PRADO,SILVA,FUENTES
3698,PRIMERA,2021-08-13,AEGNEM,FUENTES,PRADO,SILVA,FUENTES
3702,PRIMERA,2021-08-16,AEGNEM,FUENTES,PRADO,SILVA,MUNITA
3708,PRIMERA,2021-08-17,AEGNEM,FUENTES,SILVA,MUNITA,FUENTES
3727,PRIMERA,2021-08-20,AEGNEM,PRADO,SILVA,MERA,HUMERES
3729,PRIMERA,2021-08-18,AEGNEM,FUENTES,PRADO,SILVA,HUMERES
3736,PRIMERA,2021-08-19,AEGNEM,FUENTES,SILVA,MUNITA,ALCALDE
3750,PRIMERA,2021-08-23,AEGNEM,PRADO,SILVA,MERA,MUNITA
3752,PRIMERA,2021-08-24,AEGNEM,PRADO,SILVA,MERA,FUENTES
3762,PRIMERA,2021-08-25,AEGNEM,FUENTES,PRADO,, SILVA
3782,PRIMERA,2021-08-27,FUENTES,SILVA,MERA,ALCALDE,FUENTES
3793,PRIMERA,2021-08-26,AEGNEM,FUENTES,PRADO,, SILVA
3794,PRIMERA,2021-08-30,AEGNEM,PRADO,MERA,AGAJARDO,FUENTES
3824,PRIMERA,2021-08-31,AEGNEM,FUENTES,MERA,ACOPPO,FUENTES
3841,PRIMERA,2021-08-09,AMAGGI,AEGNEM,FUENTES,PRADO,SILVA
3852,PRIMERA,2021-08-06,AMAGGI,AEGNEM,FUENTES,PRADO,HUMERES
3860,PRIMERA,2021-08-05,AMAGGI,AEGNEM,FUENTES,PRADO,FUENTES
3880,PRIMERA,2021-08-04,AMAGGI,PRADO,SILVA,MU,GONZALEZ
3919,SEGUNDA,2020-01-10,KÜNSEM,, BRITO,VALDERRAMA,
3920,SEGUNDA,2020-01-13,KÜNSEM,, BRITO,CISTERNAS,VALDERRAMA
3921,SEGUNDA,2020-01-14,KÜNSEM,, BRITO,CISTERNAS,VALDERRAMA
3923,SEGUNDA,2020-01-15,KÜNSEM,CISTERNAS,AMU,VALDERRAMA,AGAJARDO
3929,SEGUNDA,2020-01-16,KÜNSEM,BRITO,VALDERRAMA,ABUAUAD,AGAJARDO
3937,SEGUNDA,2020-01-17,KÜNSEM,BRITO,CISTERNAS,VALDERRAMA,ZEPEDA
3946,SEGUNDA,2020-01-20,KÜNSEM,BRITO,CISTERNAS,VALDERRAMA,ABUAUAD
3955,SEGUNDA,2020-01-21,KÜNSEM,BRITO,VALDERRAMA,MU,AETCHEBERRY
3965,SEGUNDA,2020-01-22,BRITO,PRADO,MU,AETCHEBERRY,BARRA
3974,SEGUNDA,2020-01-23,KÜNSEM,BRITO,ZEPEDA,AETCHEBERRY,BARRA
3987,SEGUNDA,2020-01-24,KÜNSEM,BRITO,MU,AETCHEBERRY,DE
4000,SEGUNDA,2020-01-27,KÜNSEM,BRITO,VALDERRAMA,AETCHEBERRY,BARRA
4015,SEGUNDA,2020-01-28,KÜNSEM,BRITO,VALDERRAMA,AETCHEBERRY,BARRA
4029,SEGUNDA,2020-01-29,KÜNSEM,BRITO,VALDERRAMA,DAHM,AGAJARDO
4044,SEGUNDA,2020-01-30,KÜNSEM,BRITO,VALDERRAMA,DAHM,AGAJARDO
4060,SEGUNDA,2020-01-09,KÜNSEM,, BRITO,VALDERRAMA,
4077,SEGUNDA,2020-01-08,KÜNSEM,, BRITO,VALDERRAMA,
4094,SEGUNDA,2020-01-07,KÜNSEM,, BRITO,VALDERRAMA,
4112,SEGUNDA,2020-01-06,KÜNSEM,VALDERRAMA,, GÓMEZ,
4126,SEGUNDA,2020-01-03,KÜNSEM,CISTERNAS,, VALDERRAMA,
4128,SEGUNDA,2020-02-10,KÜNSEM,BRITO,VALDERRAMA,DAHM,MU
4131,SEGUNDA,2020-02-11,KÜNSEM,BRITO,DAHM,AETCHEBERRY,PALLAVICINI
4136,SEGUNDA,2020-02-12,KÜNSEM,DAHM,MU,AETCHEBERRY,AGAJARDO
4139,SEGUNDA,2020-02-13,KÜNSEM,DAHM,MU,AETCHEBERRY,AGAJARDO
4145,SEGUNDA,2020-02-14,KÜNSEM,DAHM,MU,AETCHEBERRY,AGAJARDO
4150,SEGUNDA,2020-02-17,KÜNSEM,BRITO,DAHM,AETCHEBERRY,BARRA
4156,SEGUNDA,2020-02-18,KÜNSEM,BRITO,DAHM,, MERA
4164,SEGUNDA,2020-02-19,KÜNSEM,BRITO,DAHM,, MU
4174,SEGUNDA,2020-02-20,KÜNSEM,BRITO,DAHM,, MU
4184,SEGUNDA,2020-02-21,KÜNSEM,BRITO,DAHM,, MU
4196,SEGUNDA,2020-02-21,KÜNSEM,BRITO,DAHM,LAGOS,
4207,SEGUNDA,2020-02-25,KÜNSEM,DAHM,MU,LAGOS,A
4218,SEGUNDA,2020-02-26,KÜNSEM,DAHM,BIEL.,MUNITA,A
4232,SEGUNDA,2020-02-27,KÜNSEM,DAHM,BIEL,MUNITA,
4244,SEGUNDA,2020-02-28,KÜNSEM,A,SILVA,MERA,LAGOS
4261,SEGUNDA,2020-02-07,KÜNSEM,BRITO,VALDERRAMA,DAHM,MU
4278,SEGUNDA,2020-02-06,KÜNSEM,BRITO,VALDERRAMA,DAHM,MU
4295,SEGUNDA,2020-02-05,KÜNSEM,BRITO,VALDERRAMA,DAHM,MU
4315,SEGUNDA,2020-02-04,KÜNSEM,BRITO,VALDERRAMA,DAHM,BARRA
4335,SEGUNDA,2020-02-03,KÜNSEM,BRITO,VALDERRAMA,DAHM,MU
4340,SEGUNDA,2020-03-10,KÜNSEM,VALDERRAMA,, SILVA,LAGOS
4341,SEGUNDA,2020-03-11,KÜNSEM,BRITO,CISTERNAS,VALDERRAMA,
4345,SEGUNDA,2020-03-12,KÜNSEM,BRITO,VALDERRAMA,, DAHM
4349,SEGUNDA,2020-03-13,BRITO,VALDERRAMA,, DAHM,PALLAVICINI
4354,SEGUNDA,2020-03-16,BRITO,CISTERNAS,, VALDERRAMA,DAHM
4361,SEGUNDA,2020-03-17,KUNSEMULLER,BRITO,CISTERNAS,, VALDERRAMA
4369,SEGUNDA,2020-03-18,KUNSEMULLER,BRITO,CISTERNAS,, VALDERRAMA
4376,SEGUNDA,2020-03-19,KUNSEMULLER,BRITO,CISTERNAS,, VALDERRAMA
4385,SEGUNDA,2020-03-23,KUNSEMULLER,BRITO,CISTERNAS,, VALDERRAMA
4396,SEGUNDA,2020-03-24,KUNSEMULLER,BRITO,CISTERNAS,, VALDERRAMA
4406,SEGUNDA,2020-03-25,KUNSEMULLER,BRITO,CISTERNAS,, VALDERRAMA
4417,SEGUNDA,2020-03-26,KUNSEMULLER,BRITO,CISTERNAS,, VALDERRAMA
4431,SEGUNDA,2020-03-27,KUNSEMULLER,BRITO,, VALDERRAMA,DAHM
4459,SEGUNDA,2020-03-09,KÜNSEM,BRITO,, CISTERNAS,VALDERRAMA
4474,SEGUNDA,2020-03-06,KÜNSEM,VALDERRAMA,, DAHM,MU
4491,SEGUNDA,2020-03-05,KÜNSEM,VALDERRAMA,MU,ABUAUAD,AGAJARDO
4508,SEGUNDA,2020-03-04,KÜNSEM,VALDERRAMA,DAHM,MU,LAGOS
4540,SEGUNDA,2020-03-02,KÜNSEM,VALDERRAMA,DAHM,LAGOS,A
4543,SEGUNDA,2020-04-13,KUNSEMULLER,BRITO,, VALDERRAMA,DAHM
4546,SEGUNDA,2020-04-14,KUNSEMULLER,BRITO,, VALDERRAMA,DAHM
4550,SEGUNDA,2020-04-15,KUNSEMULLER,BRITO,, VALDERRAMA,DAHM
4555,SEGUNDA,2020-04-16,KUNSEMULLER,BRITO,, VALDERRAMA,DAHM
4559,SEGUNDA,2020-04-17,KUNSEMULLER,BRITO,, VALDERRAMA,DAHM
4566,SEGUNDA,2020-04-20,KUNSEMULLER,BRITO,, VALDERRAMA,DAHM
4574,SEGUNDA,2020-04-21,KUNSEMULLER,BRITO,, VALDERRAMA,DAHM
4583,SEGUNDA,2020-04-22,KUNSEMULLER,BRITO,, VALDERRAMA,LAGOS
4592,SEGUNDA,2020-04-23,KUNSEMULLER,BRITO,, VALDERRAMA,LAGOS
4598,SEGUNDA,2020-04-24,KUNSEMULLER,BRITO,, VALDERRAMA,DAHM
4607,SEGUNDA,2020-04-27,KUNSEMULLER,BRITO,DAHM,LLANOS,ABUAUAD
4617,SEGUNDA,2020-04-28,KUNSEMULLER,BRITO,DAHM,LLANOS,ABUAUAD
4623,SEGUNDA,2020-04-29,KUNSEMULLER,BRITO,VALDERRAMA,DAHM,LLANOS
4634,SEGUNDA,2020-04-09,KUNSEMULLER,BRITO,, VALDERRAMA,DAHM
4644,SEGUNDA,2020-04-08,KUNSEMULLER,BRITO,, VALDERRAMA,DAHM
4657,SEGUNDA,2020-04-07,KUNSEMULLER,BRITO,, VALDERRAMA,DAHM
4677,SEGUNDA,2020-04-02,KUNSEMULLER,BRITO,, VALDERRAMA,DAHM
4687,SEGUNDA,2020-05-11,KUNSEMULLER,BRITO,VALDERRAMA,DAHM,LLANOS
4690,SEGUNDA,2020-05-12,KUNSEMULLER,BRITO,VALDERRAMA,DAHM,LLANOS
4693,SEGUNDA,2020-05-13,KUNSEMULLER,BRITO,VALDERRAMA,LLANOS,ABUAUAD
4696,SEGUNDA,2020-05-14,KUNSEMULLER,BRITO,VALDERRAMA,DAHM,LLANOS
4699,SEGUNDA,2020-05-15,KUNSEMULLER,BRITO,VALDERRAMA,DAHM,LLANOS
4701,SEGUNDA,2020-05-18,KUNSEMULLER,BRITO,VALDERRAMA,DAHM,LLANOS
4711,SEGUNDA,2020-05-19,KUNSEMULLER,BRITO,VALDERRAMA,DAHM,LLANOS
4715,SEGUNDA,2020-05-20,KUNSEMULLER,BRITO,VALDERRAMA,DAHM,LLANOS
4721,SEGUNDA,2020-05-22,KUNSEMULLER,BRITO,VALDERRAMA,DAHM,AGAJARDO
4729,SEGUNDA,2020-05-25,KUNSEMULLER,BRITO,VALDERRAMA,DAHM,LLANOS
4748,SEGUNDA,2020-05-26,KUNSEMULLER,BRITO,VALDERRAMA,DAHM,LLANOS
4749,SEGUNDA,2020-05-27,KUNSEMULLER,BRITO,VALDERRAMA,LLANOS,LAGOS
4757,SEGUNDA,2020-05-28,KUNSEMULLER,BRITO,VALDERRAMA,DAHM,LLANOS
4768,SEGUNDA,2020-05-29,KUNSEMULLER,BRITO,VALDERRAMA,DAHM,LLANOS
4781,SEGUNDA,2020-05-08,KUNSEMULLER,BRITO,VALDERRAMA,DAHM,LLANOS
4796,SEGUNDA,2020-05-07,KUNSEMULLER,BRITO,VALDERRAMA,DAHM,LLANOS
4813,SEGUNDA,2020-05-06,KUNSEMULLER,BRITO,VALDERRAMA,DAHM,LLANOS
4832,SEGUNDA,2020-05-05,KUNSEM,BRITO,VALDERRAMA,DAHM,LLANOS
4850,SEGUNDA,2020-05-04,KUNSEMULLER,BRITO,VALDERRAMA,DAHM,LLANOS
4853,SEGUNDA,2020-06-10,KUNSEMULLER,BRITO,VALDERRAMA,DAHM,LLANOS
4856,SEGUNDA,2020-06-11,KUNSEMULLER,BRITO,DAHM,LAGOS,AGAJARDO
4860,SEGUNDA,2020-06-12,KUNSEMULLER,BRITO,VALDERRAMA,DAHM,LLANOS
4865,SEGUNDA,2020-06-15,KUNSEMULLER,BRITO,VALDERRAMA,DAHM,LLANOS
4871,SEGUNDA,2020-06-16,KUNSEMULLER,BRITO,DAHM,LLANOS,ABUAUAD
4878,SEGUNDA,2020-06-17,KUNSEMULLER,VALDERRAMA,LLANOS,ABUAUAD,AGAJARDO
4885,SEGUNDA,2020-06-18,KUNSEMULLER,VALDERRAMA,DAHM,LAGOS,AGAJARDO
4894,SEGUNDA,2020-06-19,KUNSEMULLER,BRITO,VALDERRAMA,DAHM,LLANOS
4911,SEGUNDA,2020-06-23,KUNSEMULLER,BRITO,VALDERRAMA,DAHM,LLANOS
4921,SEGUNDA,2020-06-24,KUNSEMULLER,BRITO,VALDERRAMA,DAHM,LLANOS
4931,SEGUNDA,2020-06-25,KUNSEMULLER,BRITO,DAHM,LLANOS,AGAJARDO
4942,SEGUNDA,2020-06-26,KUNSEMULLER,BRITO,VALDERRAMA,DAHM,LLANOS
4956,SEGUNDA,2020-06-30,KUNSEMULLER,BRITO,VALDERRAMA,DAHM,LLANOS
4968,SEGUNDA,2020-06-09,KUNSEMULLER,BRITO,VALDERRAMA,LLANOS,ABUAUAD
4980,SEGUNDA,2020-06-08,KUNSEMULLER,BRITO,VALDERRAMA,DAHM,LLANOS
4996,SEGUNDA,2020-06-05,KUNSEMULLER,VALDERRAMA,DAHM,LLANOS,ALAGOS
5030,SEGUNDA,2020-06-04,KUNSEMULLER,VALDERRAMA,DAHM,LLANOS,AGAJARDO
5031,SEGUNDA,2020-06-03,KUNSEMULLER,BRITO,DAHM,LLANOS,AGAJARDO
5050,SEGUNDA,2020-06-02,KUNSEMULLER,BRITO,VALDERRAMA,DAHM,LLANOS
5071,SEGUNDA,2020-06-01,KUNSEMULLER,BRITO,VALDERRAMA,DAHM,LLANOS
5073,SEGUNDA,2020-07-10,KUNSEMULLER,BRITO,VALDERRAMA,DAHM,LLANOS
5075,SEGUNDA,2020-07-13,KUNSEMULLER,VALDERRAMA,DAHM,LLANOS,LAGOS
5080,SEGUNDA,2020-07-14,KUNSEMULLER,VALDERRAMA,DAHM,LLANOS,AGAJARDO
5084,SEGUNDA,2020-07-15,KUNSEMULLER,VALDERRAMA,DAHM,LLANOS,AGAJARDO
5088,SEGUNDA,2020-07-17,KUNSEMULLER,BRITO,LLANOS,ABUAUAD,AGAJARDO
5095,SEGUNDA,2020-07-20,KUNSEMULLER,DAHM,LLANOS,LAGOS,AABUAUAD
5103,SEGUNDA,2020-07-21,KUNSEMULLER,BRITO,VALDERRAMA,DAHM,ABUAUAD
5112,SEGUNDA,2020-07-22,KUNSEMULLER,BRITO,VALDERRAMA,DAHM,LLANOS
5122,SEGUNDA,2020-07-23,KUNSEMULLER,BRITO,VALDERRAMA,DAHM,AGAJARDO
5131,SEGUNDA,2020-07-24,KUNSEMULLER,BRITO,VALDERRAMA,DAHM,LLANOS
5142,SEGUNDA,2020-07-27,KUNSEMULLER,BRITO,VALDERRAMA,DAHM,LLANOS
5153,SEGUNDA,2020-07-28,KUNSEMULLER,BRITO,VALDERRAMA,DAHM,LAGOS
5167,SEGUNDA,2020-07-29,KUNSEMULLER,BRITO,VALDERRAMA,DAHM,LLANOS
5181,SEGUNDA,2020-07-30,KUNSEMULLER,BRITO,VALDERRAMA,DAHM,LLANOS
5196,SEGUNDA,2020-07-31,KUNSEMULLER,BRITO,VALDERRAMA,DAHM,LAGOS
5213,SEGUNDA,2020-07-09,KUNSEMULLER,BRITO,VALDERRAMA,DAHM,LLANOS
5227,SEGUNDA,2020-07-08,KUNSEMULLER,VALDERRAMA,LLANOS,ABUAUAD,AGAJARDO
5247,SEGUNDA,2020-07-07,KUNSEMULLER,BRITO,VALDERRAMA,DAHM,LLANOS
5262,SEGUNDA,2020-07-06,KUNSEMULLER,BRITO,VALDERRAMA,DAHM,LLANOS
5281,SEGUNDA,2020-07-03,KUNSEMULLER,BRITO,VALDERRAMA,DAHM,LLANOS
5300,SEGUNDA,2020-07-02,KUNSEMULLER,VALDERRAMA,DAHM,LLANOS,LAGOS
5323,SEGUNDA,2020-07-01,KUNSEMULLER,BRITO,VALDERRAMA,DAHM,LLANOS
5325,SEGUNDA,2020-08-10,KUNSEMULLER,BRITO,VALDERRAMA,DAHM,LAGOS
5328,SEGUNDA,2020-08-11,KUNSEMULLER,BRITO,VALDERRAMA,DAHM,LLANOS
5332,SEGUNDA,2020-08-12,KUNSEMULLER,BRITO,DAHM,LLANOS,AGAJARDO
5337,SEGUNDA,2020-08-13,KUNSEMULLER,BRITO,VALDERRAMA,DAHM,LLANOS
5343,SEGUNDA,2020-08-14,KUNSEMULLER,BRITO,VALDERRAMA,DAHM,LLANOS
5349,SEGUNDA,2020-08-17,KUNSEMULLER,BRITO,VALDERRAMA,DAHM,LLANOS
5365,SEGUNDA,2020-08-19,KUNSEMULLER,BRITO,VALDERRAMA,DAHM,LLANOS
5374,SEGUNDA,2020-08-20,KUNSEMULLER,BRITO,VALDERRAMA,DAHM,LLANOS
5385,SEGUNDA,2020-08-21,BRITO,VALDERRAMA,DAHM,ABUAUAD,AGAJARDO
5397,SEGUNDA,2020-08-24,KUNSEMULLER,BRITO,VALDERRAMA,DAHM,AGAJARDO
5410,SEGUNDA,2020-08-25,KUNSEMULLER,BRITO,DAHM,LLANOS,ABUAUAD
5424,SEGUNDA,2020-08-26,KUNSEMULLER,BRITO,VALDERRAMA,DAHM,AGAJARDO
5438,SEGUNDA,2020-08-27,KUNSEMULLER,BRITO,DAHM,LLANOS,AGAJARDO
5453,SEGUNDA,2020-08-28,KUNSEMULLER,BRITO,VALDERRAMA,DAHM,LLANOS
5470,SEGUNDA,2020-08-31,KUNSEMULLER,BRITO,VALDERRAMA,DAHM,LLANOS
5488,SEGUNDA,2020-08-07,BRITO,VALDERRAMA,DAHM,LLANOS,ABUAUAD
5505,SEGUNDA,2020-08-06,KUNSEMULLER,BRITO,VALDERRAMA,DAHM,LLANOS
5525,SEGUNDA,2020-08-05,KUNSEMULLER,BRITO,VALDERRAMA,LLANOS,ABUAUAD
5544,SEGUNDA,2020-08-04,KUNSEMULLER,BRITO,VALDERRAMA,DAHM,LLANOS
5566,SEGUNDA,2020-08-03,KUNSEMULLER,VALDERRAMA,DAHM,LLANOS,AGAJARDO
5570,SEGUNDA,2020-09-10,KUNSEMULLER,BRITO,VALDERRAMA,DAHM,LLANOS
5573,SEGUNDA,2020-09-11,KUNSEMULLER,BRITO,VALDERRAMA,DAHM,LLANOS
5577,SEGUNDA,2020-09-14,KUNSEMULLER,VALDERRAMA,DAHM,LLANOS,LAGOS
5580,SEGUNDA,2020-09-15,KUNSEMULLER,BRITO,VALDERRAMA,DAHM,LLANOS
5585,SEGUNDA,2020-09-16,KUNSEMULLER,BRITO,VALDERRAMA,DAHM,LLANOS
5592,SEGUNDA,2020-09-17,KUNSEMULLER,BRITO,VALDERRAMA,DAHM,AGAJARDO
5600,SEGUNDA,2020-09-21,KUNSEMULLER,BRITO,VALDERRAMA,DAHM,LLANOS
5605,SEGUNDA,2020-09-22,KUNSEMULLER,BRITO,DAHM,LLANOS,ABUAUAD
5613,SEGUNDA,2020-09-23,KUNSEMULLER,BRITO,VALDERRAMA,LLANOS,AGAJARDO
5622,SEGUNDA,2020-09-24,KUNSEMULLER,BRITO,VALDERRAMA,DAHM,LLANOS
5630,SEGUNDA,2020-09-25,KUNSEMULLER,VALDERRAMA,DAHM,ABUAUAD,AGAJARDO
5641,SEGUNDA,2020-09-28,KUNSEMULLER,BRITO,VALDERRAMA,DAHM,LLANOS
5652,SEGUNDA,2020-09-29,KUNSEMULLER,BRITO,DAHM,ABUAUAD,AGAJARDO
5663,SEGUNDA,2020-09-30,KUNSEMULLER,BRITO,DAHM,LLANOS,ABUAUAD
5677,SEGUNDA,2020-09-09,KUNSEMULLER,BRITO,DAHM,LLANOS,AGAJARDO
5690,SEGUNDA,2020-09-08,KUNSEMULLER,BRITO,VALDERRAMA,DAHM,ABUAUAD
5701,SEGUNDA,2020-09-07,KUNSEMULLER,VALDERRAMA,DAHM,LLANOS,LAGOS
5711,SEGUNDA,2020-09-04,KUNSEMULLER,BRITO,VALDERRAMA,DAHM,LLANOS
5739,SEGUNDA,2020-09-03,KUNSEMULLER,BRITO,VALDERRAMA,DAHM,LLANOS
5740,SEGUNDA,2020-09-02,KUNSEMULLER,BRITO,VALDERRAMA,DAHM,LLANOS
5754,SEGUNDA,2020-09-01,KUNSEMULLER,BRITO,VALDERRAMA,DAHM,LLANOS
5756,SEGUNDA,2020-10-13,KUNSEMULLER,BRITO,DAHM,LAGOS,AGAJARDO
5759,SEGUNDA,2020-10-14,KUNSEMULLER,BRITO,DAHM,LAGOS,AGAJARDO
5762,SEGUNDA,2020-10-15,KUNSEMULLER,BRITO,DAHM,LAGOS,AGAJARDO
5766,SEGUNDA,2020-10-16,KUNSEMULLER,BRITO,VALDERRAMA,DAHM,ABUAUAD
5771,SEGUNDA,2020-10-19,KUNSEMULLER,BRITO,VALDERRAMA,DAHM,LAGOS
5774,SEGUNDA,2020-10-20,KUNSEMULLER,BRITO,VALDERRAMA,DAHM,AGAJARDO
5776,SEGUNDA,2020-10-21,KUNSEMULLER,BRITO,VALDERRAMA,DAHM,ABUAUAD
5783,SEGUNDA,2020-10-22,KUNSEMULLER,BRITO,VALDERRAMA,ABUAUAD,AGAJARDO
5790,SEGUNDA,2020-10-23,KUNSEMULLER,BRITO,VALDERRAMA,DAHM,ABUAUAD
5797,SEGUNDA,2020-10-27,KUNSEMULLER,BRITO,DAHM,LLANOS,AGAJARDO
5831,SEGUNDA,2020-10-29,KUNSEMULLER,DAHM,LLANOS,MUNITA,BARRA
5842,SEGUNDA,2020-10-28,KUNSEMULLER,BRITO,VALDERRAMA,AETCHEBERRY,AGAJARDO
5843,SEGUNDA,2020-10-30,KUNSEMULLER,BRITO,VALDERRAMA,DAHM,LLANOS
5856,SEGUNDA,2020-10-09,KUNSEMULLER,BRITO,VALDERRAMA,DAHM,BARRA
5865,SEGUNDA,2020-10-08,KUNSEMULLER,BRITO,DAHM,LAGOS,AGAJARDO
5878,SEGUNDA,2020-10-07,KUNSEMULLER,BRITO,LLANOS,MUNITA,AGAJARDO
5892,SEGUNDA,2020-10-06,KUNSEMULLER,BRITO,DAHM,LLANOS,AGAJARDO
5902,SEGUNDA,2020-10-05,KUNSEMULLER,BRITO,VALDERRAMA,DAHM,LLANOS
5919,SEGUNDA,2020-10-02,KUNSEMULLER,BRITO,VALDERRAMA,DAHM,LLANOS
5935,SEGUNDA,2020-10-01,KUNSEMULLER,BRITO,VALDERRAMA,DAHM,LLANOS
5938,SEGUNDA,2020-11-10,KUNSEMULLER,BRITO,VALDERRAMA,LLANOS,ZEPEDA
5940,TERCERA,2020-11-11,MU,ASANDOVAL,AVIVANCO,QUINTANILLA,PALLAVICINI
5943,SEGUNDA,2020-11-12,KUNSEMULLER,VALDERRAMA,LLANOS,ZEPEDA,ABUAUAD
5949,SEGUNDA,2020-11-13,KUNSEMULLER,VALDERRAMA,LLANOS,ZEPEDA,LAGOS
5951,SEGUNDA,2020-11-16,KUNSEMULLER,BRITO,VALDERRAMA,LLANOS,ZEPEDA
5958,SEGUNDA,2020-11-17,KUNSEMULLER,BRITO,LLANOS,ZEPEDA,AGAJARDO
5965,SEGUNDA,2020-11-18,KUNSEMULLER,BRITO,VALDERRAMA,LLANOS,ZEPEDA
5969,SEGUNDA,2020-11-19,KUNSEMULLER,BRITO,VALDERRAMA,ZEPEDA,ABUAUAD
5976,SEGUNDA,2020-11-20,KUNSEMULLER,BRITO,VALDERRAMA,ZEPEDA,LAGOS
5983,SEGUNDA,2020-11-23,KUNSEMULLER,BRITO,VALDERRAMA,LLANOS,AGAJARDO
5991,SEGUNDA,2020-11-24,KUNSEMULLER,BRITO,VALDERRAMA,DAHM,LLANOS
6009,SEGUNDA,2020-11-26,KUNSEMULLER,VALDERRAMA,DAHM,ABUAUAD,AGAJARDO
6010,SEGUNDA,2020-11-25,KUNSEMULLER,BRITO,DAHM,LLANOS,ABUAUAD
6018,SEGUNDA,2020-11-27,KUNSEMULLER,, BRITO,VALDERRAMA,PALLAVICINI
6028,SEGUNDA,2020-11-30,KUNSEMULLER,, BRITO,DAHM,LLANOS
6038,SEGUNDA,2020-11-09,KUNSEMULLER,BRITO,VALDERRAMA,LLANOS,ZEPEDA
6050,SEGUNDA,2020-11-06,KUNSEMULLER,BRITO,VALDERRAMA,LLANOS,ZEPEDA
6061,SEGUNDA,2020-11-05,KUNSEMULLER,BRITO,VALDERRAMA,LLANOS,ZEPEDA
6075,SEGUNDA,2020-11-04,KUNSEMULLER,VALDERRAMA,LLANOS,ZEPEDA,ABUAUAD
6091,SEGUNDA,2020-11-03,KUNSEMULLER,BRITO,VALDERRAMA,LLANOS,ZEPEDA
6104,SEGUNDA,2020-11-02,KUNSEMULLER,BRITO,VALDERRAMA,LLANOS,ZEPEDA
6107,SEGUNDA,2020-12-10,KUNSEMULLER,VALDERRAMA,, LLANOS,LAGOS
6110,SEGUNDA,2020-12-11,KUNSEMULLER,SILVA,, LLANOS,ABUAUAD
6116,SEGUNDA,2020-12-14,KUNSEMULLER,VALDERRAMA,, LLANOS,LAGOS
6121,SEGUNDA,2020-12-15,VALDERRAMA,DAHM,, LLANOS,ABUAUAD
6127,SEGUNDA,2020-12-16,KUNSEMULLER,VALDERRAMA,DAHM,, LLANOS
6134,SEGUNDA,2020-12-17,KUNSEMULLER,DAHM,, LLANOS,MUNITA
6142,SEGUNDA,2020-12-21,KUNSEMULLER,DAHM,, LLANOS,MUNITA
6149,SEGUNDA,2020-12-22,KUNSEMULLER,DAHM,, LLANOS,MUNITA
6155,SEGUNDA,2020-12-23,KUNSEMULLER,BRITO,VALDERRAMA,DAHM,
6160,SEGUNDA,2020-12-24,KUNSEMULLER,BRITO,VALDERRAMA,DAHM,
6170,SEGUNDA,2020-12-28,KUNSEMULLER,BRITO,VALDERRAMA,DAHM,
6180,SEGUNDA,2020-12-29,KUNSEMULLER,BRITO,VALDERRAMA,, LLANOS
6191,SEGUNDA,2020-12-30,KUNSEMULLER,BRITO,VALDERRAMA,, LLANOS
6211,SEGUNDA,2020-12-09,KUNSEMULLER,VALDERRAMA,, LLANOS,LAGOS
6223,SEGUNDA,2020-12-31,BRITO,VALDERRAMA,, LLANOS,MUNITA
6225,SEGUNDA,2020-12-07,KUNSEMULLER,BRITO,, VALDERRAMA,ABUAUAD
6236,SEGUNDA,2020-12-04,KUNSEMULLER,BRITO,, VALDERRAMA,DAHM
6251,SEGUNDA,2020-12-03,KUNSEMULLER,BRITO,, VALDERRAMA,DAHM
6265,SEGUNDA,2020-12-02,KUNSEMULLER,BRITO,, VALDERRAMA,LLANOS
6280,SEGUNDA,2020-12-01,KUNSEMULLER,, VALDERRAMA,DAHM,LLANOS
6284,SEGUNDA,2021-01-11,BRITO,VALDERRAMA,, LLANOS,MU
6285,SEGUNDA,2021-01-12,BRITO,VALDERRAMA,, LLANOS,MU
6288,SEGUNDA,2021-01-13,BRITO,VALDERRAMA,, LLANOS,MU
6293,SEGUNDA,2021-01-14,BRITO,VALDERRAMA,, LLANOS,MU
6297,SEGUNDA,2021-01-15,BRITO,VALDERRAMA,, LLANOS,MU
6301,SEGUNDA,2021-01-18,BRITO,VALDERRAMA,MU,ABUAUAD,AGAJARDO
6306,SEGUNDA,2021-01-19,BRITO,VALDERRAMA,LLANOS,MU,AGAJARDO
6313,SEGUNDA,2021-01-20,BRITO,VALDERRAMA,LLANOS,MU,SHERTZER
6318,SEGUNDA,2021-01-21,BRITO,VALDERRAMA,LLANOS,MU,SHERTZER
6324,SEGUNDA,2021-01-22,BRITO,VALDERRAMA,LLANOS,MU,SHERTZER
6335,SEGUNDA,2021-01-25,BRITO,VALDERRAMA,LLANOS,MU,SHERTZER
6344,SEGUNDA,2021-01-26,BRITO,VALDERRAMA,LLANOS,MU,SHERTZER
6351,SEGUNDA,2021-01-27,BRITO,LLANOS,MU,ABUAUAD,AGAJARDO
6361,SEGUNDA,2021-01-28,BRITO,LLANOS,MU,MUNITA,AGAJARDO
6370,SEGUNDA,2021-01-29,BRITO,LLANOS,MU,ABUAUAD,AGAJARDO
6382,SEGUNDA,2021-01-08,BRITO,VALDERRAMA,, LLANOS,MU
6392,SEGUNDA,2021-01-07,BRITO,VALDERRAMA,, LLANOS,MU
6421,SEGUNDA,2021-01-06,BRITO,VALDERRAMA,, LLANOS,MU
6424,SEGUNDA,2021-01-21,KUNSEMULLER,BRITO,LLANOS,ABUAUAD,AGAJARDO
6428,SEGUNDA,2021-02-11,KUNSEMULLER,BRITO,VALDERRAMA,LLANOS,ZEPADA
6429,SEGUNDA,2021-02-11,KUNSEMULLER,BRITO,LLANOS,ABUAUAD,AGAJARDO
6435,SEGUNDA,2021-02-16,VALDERRAMA,MERA,ZEPEDA,VAZQUEZ,ABUAUAD
6437,SEGUNDA,2021-02-15,VALDERRAMA,ZEPEDA,MERA,VASQUEZ,AGAJARDO
6439,SEGUNDA,2021-02-17,SILVA,SHERTZER,MERA,ZEPEDA,AGAJARDO
6441,SEGUNDA,2021-02-17,KUNSEMULLER,BRITO,LLANOS,ABUAUAD,AGAJARDO
6448,SEGUNDA,2021-02-15,KUNSEMULLER,BRITO,LLANOS,ABUAUAD,AGAJARDO
6449,SEGUNDA,2021-02-18,SILVA,ZEPEDA,VAZQUEZ,ABUAUAD,AGAJARDO
6455,SEGUNDA,2021-02-19,SILVA,ZEPEDA,VAZQUEZ,ABUAUAD,AGAJARDO
6460,SEGUNDA,2021-02-22,VALDERRAMA,MERA,ZEPEDA,VAZQUEZ,MUNITA
6462,SEGUNDA,2021-02-22,KUNSEMULLER,BRITO,LLANOS,ABUAUAD,AGAJARDO
6476,SEGUNDA,2021-02-23,VALDERRAMA,MERA,ZEPEDA,VAZQUEZ,AGAJARDO
6477,SEGUNDA,2021-02-24,VALDERRAMA,MERA,ZEPEDA,VAZQUEZ,AGAJARDO
6485,SEGUNDA,2021-02-25,VALDERRAMA,MERA,ZEPEDA,VAZQUEZ,AGAJARDO
6497,SEGUNDA,2021-02-26,VALDERRAMA,MERA,ZEPEDA,LUSIC,AETCHEBERRY
6511,SEGUNDA,2021-02-09,KUNSEMULLER,BRITO,VALDERRAMA,LLANOS,ZEPEDA
6513,SEGUNDA,2021-02-26,KUNSEMULLER,BRITO,LLANOS,ABUAUAD,AGAJARDO
6525,SEGUNDA,2021-02-08,KUNSEMULLER,BRITO,VALDERRAMA,LLANOS,ZEPEDA
6557,SEGUNDA,2021-02-05,KUNSEMULLER,BRITO,VALDERRAMA,LLANOS,ZEPEDA
6558,SEGUNDA,2021-02-04,KUNSEMULLER,BRITO,VALDERRAMA,LLANOS,ZEPEDA
6572,SEGUNDA,2021-02-03,KUNSEMULLER,BRITO,VALDERRAMA,LLANOS,ZEPEDA
6574,SEGUNDA,2021-02-03,KUNSEMULLER,BRITO,LLANOS,ABUAUAD,AGAJARDO
6589,SEGUNDA,2021-02-02,KUNSEMULLER,BRITO,VALDERRAMA,LLANOS,ZEPEDA
6610,SEGUNDA,2021-02-01,KUNSEMULLER,BRITO,VALDERRAMA,LLANOS,ZEPEDA
6613,SEGUNDA,2021-03-10,BRITO,VALDERRAMA,ZEPEDA,ATAVOLARI,ABUAUAD
6617,SEGUNDA,2021-03-12,BRITO,VALDERRAMA,ZEPEDA,ATAVOLARI,ACOPPO
6622,SEGUNDA,2021-03-11,BRITO,VALDERRAMA,ZEPEDA,ATAVOLARI,ACOPPO
6625,SEGUNDA,2021-03-15,VALDERRAMA,DAHM,LLANOS,ATAVOLARI,ABUAUAD
6635,SEGUNDA,2021-03-16,BRITO,VALDERRAMA,LLANOS,ATAVOLARI,ACOPPO
6638,SEGUNDA,2021-03-17,BRITO,DAHM,LLANOS,MUNITA,ATAVOLARI
6645,SEGUNDA,2021-03-18,VALDERRAMA,DAHM,LLANOS,ACOPPO,ABUAUAD
6653,SEGUNDA,2021-03-19,BRITO,VALDERRAMA,DAHM,LLANOS,ABUAUAD
6670,SEGUNDA,2021-03-22,BRITO,VALDERRAMA,LLANOS,ACOPPO,ABUAUAD
6681,SEGUNDA,2021-03-24,BRITO,DAHM,LLANOS,MUNITA,AETCHEBERRY
6691,SEGUNDA,2021-03-25,BRITO,DAHM,LLANOS,AGAJARDO,ABUAUAD
6697,SEGUNDA,2021-03-23,VALDERRAMA,DAHM,LLANOS,AGAJARDO,ATAVOLARI
6702,SEGUNDA,2021-03-26,BRITO,DAHM,LLANOS,ATAVOLARI,ACOPPO
6739,SEGUNDA,2021-03-29,BRITO,VALDERRAMA,DAHM,LLANOS,ACOPPO
6740,SEGUNDA,2021-03-30,BRITO,VALDERRAMA,DAHM,LLANOS,ATAVOLARI
6741,SEGUNDA,2021-03-31,BRITO,VALDERRAMA,DAHM,LLANOS,ATAVOLARI
6754,SEGUNDA,2021-03-09,BRITO,VALDERRAMA,LLANOS,ZEPEDA,ATAVOLARI
6764,SEGUNDA,2021-03-08,BRITO,VALDERRAMA,LLANOS,ZEPEDA,ACOPPO
6777,SEGUNDA,2021-03-05,BRITO,VALDERRAMA,MERA,ZEPEDA,ATAVOLARI
6790,SEGUNDA,2021-03-04,BRITO,VALDERRAMA,MERA,ZEPEDA,AGAJARDO
6807,SEGUNDA,2021-03-03,BRITO,VALDERRAMA,MERA,ZEPEDA,AGAJARDO
6822,SEGUNDA,2021-03-02,BRITO,VALDERRAMA,MERA,ZEPEDA,MUNITA
6836,SEGUNDA,2021-03-01,BRITO,VALDERRAMA,ZEPEDA,MUNITA,ABUAUAD
6841,SEGUNDA,2021-04-13,BRITO,VALDERRAMA,DAHM,LLANOS,ATAVOLARI
6842,SEGUNDA,2021-04-14,BRITO,VALDERRAMA,DAHM,LLANOS,ATAVOLARI
6844,SEGUNDA,2021-04-12,BRITO,VALDERRAMA,DAHM,LLANOS,ATAVOLARI
6847,SEGUNDA,2021-04-15,BRITO,VALDERRAMA,DAHM,LLANOS,ATAVOLARI
6852,SEGUNDA,2021-04-16,BRITO,VALDERRAMA,DAHM,LLANOS,ATAVOLARI
6857,SEGUNDA,2021-04-19,BRITO,DAHM,LLANOS,ATAVOLARI,ACOPPO
6862,SEGUNDA,2021-04-20,BRITO,VALDERRAMA,DAHM,LLANOS,ATAVOLARI
6872,SEGUNDA,2021-04-22,BRITO,VALDERRAMA,DAHM,LLANOS,ATAVOLARI
6881,SEGUNDA,2021-04-23,BRITO,DAHM,LLANOS,AGAJARDO,ABUAUAD
6890,SEGUNDA,2021-04-26,BRITO,VALDERRAMA,DAHM,LLANOS,ATAVOLARI
6898,SEGUNDA,2021-04-27,BRITO,DAHM,LLANOS,ACOPPO,ABUAUAD
6908,SEGUNDA,2021-04-28,BRITO,VALDERRA,DAHM,LLANOS,ACOPPO
6918,SEGUNDA,2021-04-29,BRITO,DAHM,LLANOS,MUNITA,AETCHEBERRY
6933,SEGUNDA,2021-04-30,BRITO,DAHM,LLANOS,MUNITA,ACOPPO
6945,SEGUNDA,2021-04-09,BRITO,VALDERRAMA,DAHM,LLANOS,MUNITA
6956,SEGUNDA,2021-04-08,BRITO,VALDERRAMA,DAHM,LLANOS,ABUAUAD
6968,SEGUNDA,2021-04-07,BRITO,VALDERRAMA,DAHM,LLANOS,ACOPPO
6987,SEGUNDA,2021-04-06,BRITO,VALDERRAMA,DAHM,LLANOS,ATAVOLARI
7018,SEGUNDA,2021-04-01,BRITO,VALDERRAMA,DAHM,LLANOS,ABUAUAD
7022,SEGUNDA,2021-05-10,BRITO,VALDERRAMA,LLANOS,MUNITA,ATAVOLARI
7029,SEGUNDA,2021-05-11,BRITO,VALDERRAMA,DAHM,LLANOS,ATAVOLARI
7030,SEGUNDA,2021-05-12,BRITO,VALDERRAMA,DAHM,LLANOS,ACOPPO
7034,SEGUNDA,2021-05-13,BRITO,VALDERRAMA,DAHM,LLANOS,ACOPPO
7039,SEGUNDA,2021-05-14,BRITO,VALDERRAMA,DAHM,LLANOS,AETCHEBERRY
7045,SEGUNDA,2021-05-17,BRITO,VALDERRAMA,DAHM,LLANOS,ATAVOLARI
7055,SEGUNDA,2021-05-18,BRITO,VALDERRAMA,DAHM,LLANOS,ATAVOLARI
7062,SEGUNDA,2021-05-19,BRITO,MU,ZEPEDA,MUNITA,ACOPPO
7068,SEGUNDA,2021-05-20,BRITO,VALDERRAMA,ZEPEDA,ATAVOLARI,ABUAUAD
7076,SEGUNDA,2021-05-24,BRITO,VALDERRAMA,ZEPEDA,MUNITA,ATAVOLARI
7086,SEGUNDA,2021-05-25,BRITO,LLANOS,MU,ATAVOLARI,ABUAUAD
7109,SEGUNDA,2021-05-26,VALDERRAMA,LLANOS,ZEPEDA,MUNITA,ATAVOLARI
7124,SEGUNDA,2021-05-28,BRITO,VALDERRAMA,LLANOS,ZEPEDA,ATAVOLARI
7148,SEGUNDA,2021-05-27,BRITO,LLANOS,MU,AGAJARDO,ATAVOLARI
7150,SEGUNDA,2021-05-31,BRITO,VALDERRAMA,LLANOS,ZEPEDA,ATAVOLARI
7152,SEGUNDA,2021-05-07,BRITO,VALDERRAMA,LLANOS,MUNITA,ACOPPO
7169,SEGUNDA,2021-05-06,BRITO,VALDERRAMA,LLANOS,MUNITA,ACOPPO
7189,SEGUNDA,2021-05-05,BRITO,VALDERRAMA,LLANOS,ACOPPO,ABUAUAD
7204,SEGUNDA,2021-05-04,BRITO,VALDERRAMA,LLANOS,MUNITA,ABUAUAD
7220,SEGUNDA,2021-05-03,BRITO,VALDERRAMA,LLANOS,MUNITA,ABUAUAD
7223,SEGUNDA,2021-06-10,BRITO,VALDERRAMA,LLANOS,ZEPEDA,AETCHEBERRY
7224,SEGUNDA,2021-06-11,BRITO,VALDERRAMA,LLANOS,ZEPEDA,AETCHEBERRY
7230,SEGUNDA,2021-06-14,VALDERRAMA,LLANOS,ALETELIER,MU,ZEPEDA
7233,SEGUNDA,2021-06-15,BRITO,VALDERRAMA,LLANOS,ALETELIER,ZEPEDA
7236,SEGUNDA,2021-06-16,BRITO,VALDERRAMA,LLANOS,ALETELIER,ZEPEDA
7243,SEGUNDA,2021-06-17,BRITO,VALDERRAMA,LLANOS,ALETELIER,ZEPEDA
7250,SEGUNDA,2021-06-18,BRITO,LLANOS,ZEPEDA,ATAVOLARI,ACOPPO
7258,SEGUNDA,2021-06-22,BRITO,LLANOS,ALETELIER,ZEPEDA,ATAVOLARI
7285,SEGUNDA,2021-06-23,BRITO,VALDERRAMA,LLANOS,ALETELIER,ZEPEDA
7286,SEGUNDA,2021-06-25,BRITO,ALETELIER,ZEPEDA,MUNITA,ABUAUAD
7295,SEGUNDA,2021-06-29,BRITO,VALDERRAMA,LLANOS,ALETELIER,ATAVOLARI
7303,SEGUNDA,2021-06-30,BRITO,LLANOS,BIEL,ATAVOLARI,ACOPPO
7323,SEGUNDA,2021-06-08,BRITO,VALDERRAMA,LLANOS,ZEPEDA,ACOPPO
7334,SEGUNDA,2021-06-24,BRITO,VALDERRAMA,ALETELIER,ZEPEDA,ACOPPO
7338,SEGUNDA,2021-06-09,BRITO,VALDERRAMA,LLANOS,ALETELIER,ZEPEDA
7339,SEGUNDA,2021-06-07,BRITO,VALDERRAMA,LLANOS,MU,ATAVOLARI
7356,SEGUNDA,2021-06-04,BRITO,VALDERRAMA,LLANOS,ZEPEDA,ATAVOLARI
7374,SEGUNDA,2021-06-03,BRITO,VALDERRAMA,LLANOS,MU,ATAVOLARI
7384,SEGUNDA,2021-06-02,BRITO,VALDERRAMA,LLANOS,MU,ATAVOLARI
7397,SEGUNDA,2021-06-01,BRITO,VALDERRAMA,LLANOS,ZEPEDA,ATAVOLARI
7401,SEGUNDA,2021-07-12,VALDERRAMA,LLANOS,ALETELIER,ZEPEDA,ACOPPO
7404,SEGUNDA,2021-07-14,VALDERRAMA,DAHM,LLANOS,ALETELIER,ATAVOLARI
7405,SEGUNDA,2021-07-13,VALDERRAMA,LLANOS,ALETELIER,ZEPEDA,ATAVOLARI
7413,SEGUNDA,2021-07-15,VALDERRAMA,DAHM,ALETELIER,ATAVOLARI,ABUAUAD
7414,SEGUNDA,2021-07-19,VALDERRAMA,DAHM,MERA,ATAVOLARI,ABUAUAD
7421,SEGUNDA,2021-07-20,VALDERRAMA,DAHM,MERA,ATAVOLARI,ACOPPO
7427,SEGUNDA,2021-07-21,VALDERRAMA,PRADO,MERA,ATAVOLARI,ABUAUAD
7433,SEGUNDA,2021-07-22,VALDERRAMA,DAHM,MERA,AGAJARDO,ABUAUAD
7445,SEGUNDA,2021-07-23,VALDERRAMA,DAHM,MERA,AGAJARDO,ABUAUAD
7453,SEGUNDA,2021-07-26,BRITO,VALDERRAMA,GONZ,CONTRERAS,TAVOLARI
7464,SEGUNDA,2021-07-27,BRITO,VALDERRAMA,MERA,CONTRERAS,ABUAUAD
7476,SEGUNDA,2021-07-22,BRITO,VALDERRAMA,GONZALEZ,CONTRERAS,ATAVOLARI
7486,SEGUNDA,2021-07-26,BRITO,VALDERRAMA,GONZALEZ,CONTRERAS,ATAVOLARI
7487,SEGUNDA,2021-07-29,BRITO,VALDERRAMA,MERA,CONTRERAS,AGAJARDO
7501,SEGUNDA,2021-07-30,VALDERRAMA,GONZALEZ,CONTRERAS,AGAJARDO,ATAVOLARI
7514,SEGUNDA,2021-07-27,BRITO,VALDERRAMA,GONZALEZ,CONTRERAS,ATAVOLARI
7517,SEGUNDA,2021-07-09,VALDERRAMA,LLANOS,BIEL,ZEPEDA,ATAVOLARI
7534,SEGUNDA,2021-07-08,VALDERRAMA,LLANOS,ZEPEDA,ATAVOLARI,
7551,SEGUNDA,2021-07-07,VALDERRAMA,LLANOS,ZEPEDA,ATAVOLARI,
7567,SEGUNDA,2021-07-06,VALDERRAMA,LLANOS,ZEPEDA,ATAVOLARI,
7585,SEGUNDA,2021-07-05,BRITO,VALDERRAMA,LLANOS,ZEPEDA,ATAVOLARI
7604,SEGUNDA,2021-07-02,BRITO,VALDERRAMA,LLANOS,ZEPEDA,ATAVOLARI
7624,SEGUNDA,2021-07-01,VALDERRAMA,LLANOS,ALETELIER,ATAVOLARI,ABUAUAD
7627,SEGUNDA,2021-08-10,BRITO,, VALDERRAMA,DAHM,MERA
7628,SEGUNDA,2021-08-11,BRITO,, VALDERRAMA,DAHM,LLANOS
7633,SEGUNDA,2021-08-12,BRITO,, VALDERRAMA,DAHM,LLANOS
7638,SEGUNDA,2021-08-13,BRITO,, VALDERRAMA,DAHM,LLANOS
7644,SEGUNDA,2021-08-16,BRITO,DAHM,LLANOS,MERA,ATAVOLARI
7650,SEGUNDA,2021-08-17,BRITO,DAHM,LLANOS,MERA,ATAVOLARI
7655,SEGUNDA,2021-08-18,BRITO,DAHM,LLANOS,MERA,ATAVOLARI
7674,SEGUNDA,2021-08-20,BRITO,VALDERRAMA,DAHM,LLANOS,MUNITA
7682,SEGUNDA,2021-08-19,BRITO,VALDERRAMA,DAHM,LLANOS,ATAVOLARI
7692,SEGUNDA,2021-08-24,BRITO,DAHM,LLANOS,ALETELIER,ATAVOLARI
7705,SEGUNDA,2021-08-23,BRITO,VALDERRAMA,DAHM,LLANOS,ABUAUAD
7717,SEGUNDA,2021-08-25,BRITO,VALDERRAMA,LLANOS,A,ABUAUAD
7731,SEGUNDA,2021-08-26,BRITO,DAHM,LLANOS,A,ABUAUAD
7732,SEGUNDA,2021-08-27,BRITO,DAHM,LLANOS,ALETELIER,ABUAUAD
7746,SEGUNDA,2021-08-30,VALDERRAMA,DAHM,LLANOS,ATAVOLARI,ABUAUAD
7779,SEGUNDA,2021-08-31,VALDERRAMA,DAHM,LLANOS,AGAJARDO,ATAVOLARI
7800,SEGUNDA,2021-08-09,BRITO,, VALDERRAMA,DAHM,MERA
7808,SEGUNDA,2021-08-06,BRITO,, VALDERRAMA,DAHM,LLANOS
7815,SEGUNDA,2021-08-05,BRITO,, VALDERRAMA,DAHM,LLANOS
7841,SEGUNDA,2021-08-04,BRITO,, VALDERRAMA,LLANOS,MERA
7886,TERCERA,2020-01-10,MU,ASANDOVAL,GÓMEZ,, 
7887,TERCERA,2020-01-13,MU,ASANDOVAL,GÓMEZ,, 
7888,TERCERA,2020-01-22,MU,ASANDOVAL,AVIVANCO,ZEPEDA,PALLAVICINI
7889,TERCERA,2020-01-14,MU,ASANDOVAL,GÓMEZ,, 
7890,TERCERA,2020-01-15,MU,ASANDOVAL,GÓMEZ,ZEPEDA,
7896,TERCERA,2020-01-16,MU,ASANDOVAL,GÓMEZ,ZEPEDA,
7904,TERCERA,2020-01-17,MU,ASANDOVAL,GOMEZ,LAGOS,PALLAVICINI
7914,TERCERA,2020-01-20,MU,ASANDOVAL,GOMEZ,ZEPEDA,PALLAVICINI
7923,TERCERA,2020-01-21,MU,ASANDOVAL,AVIVANCO,ZEPEDA,PALLAVICINI
7947,TERCERA,2020-01-23,ASANDOVAL,AVIVANCO,MU,QUINTANILLA,PIERRY
7959,TERCERA,2020-01-24,ASANDOVAL,AVIVANCO,ZEPEDA,LAGOS,PALLAVICINI
7976,TERCERA,2020-01-27,ASANDOVAL,AVIVANCO,ZEPEDA,LAGOS,PALLAVICINI
7989,TERCERA,2020-01-28,ASANDOVAL,AVIVANCO,MU,ZEPEDA,QUINTANILLA
8004,TERCERA,2020-01-29,ASANDOVAL,AVIVANCO,MU,MUNITA,PIERRY
8020,TERCERA,2020-01-30,ASANDOVAL,AVIVANCO,MU,LAGOS,PIERRY
8037,TERCERA,2020-01-09,MU,ASANDOVAL,A,GÓMEZ,
8056,TERCERA,2020-01-08,MU,ASANDOVAL,A,GÓMEZ,
8074,TERCERA,2020-01-07,MU,LLANOS,GÓMEZ,, 
8094,TERCERA,2020-01-06,MU,LLANOS,ZEPEDA,QUINTANILLA,
8117,TERCERA,2020-01-03,AR,LLANOS,ZEPEDA,GÓMEZ,AETCHEBERRY
8120,TERCERA,2020-02-10,MU,ASANDOVAL,AVIVANCO,LLANOS,PIERRY
8123,TERCERA,2020-02-11,MU,ASANDOVAL,AVIVANCO,LLANOS,MU
8128,TERCERA,2020-02-12,MU,ASANDOVAL,AVIVANCO,LLANOS,PIERRY
8131,TERCERA,2020-02-13,MU,ASANDOVAL,AVIVANCO,LLANOS,PIERRY
8137,TERCERA,2020-02-14,MU,ASANDOVAL,AVIVANCO,LLANOS,BARRA
8144,TERCERA,2020-02-17,MU,AVIVANCO,LLANOS,MU,PIERRY
8151,TERCERA,2020-02-18,MU,AVIVANCO,LLANOS,PIERRY,PALLAVICINI
8160,TERCERA,2020-02-19,MU,AVIVANCO,LLANOS,MERA,AETCHEBERRY
8170,TERCERA,2020-02-20,MU,AVIVANCO,LLANOS,MERA,AETCHEBERRY
8181,TERCERA,2020-02-21,MU,AVIVANCO,LLANOS,MERA,AGAJARDO
8193,TERCERA,2020-02-24,MU,AVIVANCO,MU,, MERA
8204,TERCERA,2020-02-25,MU,AVIVANCO,LLANOS,MERA,BARRA
8219,TERCERA,2020-02-26,MU,AVIVANCO,LLANOS,MERA,PIERRY
8235,TERCERA,2020-02-27,MU,AVIVANCO,LLANOS,MERA,AGAJARDO
8251,TERCERA,2020-02-28,BLANCO,A,LLANOS,MU,PALLAVICINI
8267,TERCERA,2020-02-07,ASANDOVAL,AVIVANCO,LLANOS,LAGOS,BARRA
8287,TERCERA,2020-02-06,ASANDOVAL,AVIVANCO,LLANOS,MERA,PALLAVICINI
8305,TERCERA,2020-02-05,ASANDOVAL,AVIVANCO,LLANOS,LAGOS,PALLAVICINI
8325,TERCERA,2020-02-04,ASANDOVAL,AVIVANCO,LLANOS,MU,PALLAVICINI
8346,TERCERA,2020-02-03,ASANDOVAL,AVIVANCO,LLANOS,LAGOS,PALLAVICINI
8351,TERCERA,2020-03-10,MU,A,LLANOS,PIERRY,PALLAVICINI
8352,TERCERA,2020-03-11,MU,A,AVIVANCO,LLANOS,QUINTANILLA
8355,TERCERA,2020-03-12,MU,A,AVIVANCO,LLANOS,AETCHEBERRY
8361,TERCERA,2020-03-13,MU,A,AVIVANCO,LLANOS,LAGOS
8366,TERCERA,2020-03-16,MU,A,AVIVANCO,LLANOS,PALLAVICINI
8372,TERCERA,2020-03-17,MU,ASANDOVAL,AVIVANCO,LLANOS,PALLAVICINI
8383,TERCERA,2020-03-18,MU,ASANDOVAL,AVIVANCO,LLANOS,PALLAVICINI
8393,TERCERA,2020-03-19,MU,ASANDOVAL,AVIVANCO,LLANOS,PALLAVICINI
8403,TERCERA,2020-03-23,MU,ASANDOVAL,AVIVANCO,LLANOS,PALLAVICINI
8414,TERCERA,2020-03-24,MU,ASANDOVAL,AVIVANCO,LLANOS,PIERRY
8425,TERCERA,2020-03-25,MU,ASANDOVAL,AVIVANCO,LLANOS,LAGOS
8438,TERCERA,2020-03-26,MU,ASANDOVAL,AVIVANCO,LLANOS,PALLAVICINI
8452,TERCERA,2020-03-27,MU,ASANDOVAL,AVIVANCO,LLANOS,PIERRY
8466,TERCERA,2020-03-30,MU,ASANDOVAL,AVIVANCO,LLANOS,LAGOS
8481,TERCERA,2020-03-09,MU,A,A,LLANOS,QUINTANILLA
8498,TERCERA,2020-03-06,MU,A,A,LLANOS,PALLAVICINI.
8516,TERCERA,2020-03-05,MU,A,A,LLANOS,PALLAVICINI.
8534,TERCERA,2020-03-04,MU,A,A,LLANOS,PIERRY.
8574,TERCERA,2020-03-02,MU,A,A,LLANOS,MU
8578,TERCERA,2020-04-13,MU,ASANDOVAL,AVIVANCO,QUINTANILLA,LAGOS
8581,TERCERA,2020-04-14,MU,ASANDOVAL,AVIVANCO,PIERRY,PALAVICINI
8585,TERCERA,2020-04-15,MU,ASANDOVAL,AVIVANCO,QUINTANILLA,LAGOS
8589,TERCERA,2020-04-16,MU,ASANDOVAL,AVIVANCO,PIERRY,PALLAVICINI
8595,TERCERA,2020-04-17,MU,ASANDOVAL,AVIVANCO,QUINTANILLA,LAGOS
8602,TERCERA,2020-04-20,MU,ASANDOVAL,AVIVANCO,QUINTANILLA,LAGOS
8610,TERCERA,2020-04-21,MU,ASANDOVAL,LLANOS,PIERRY,PALAVICINI
8619,TERCERA,2020-04-22,MU,ASANDOVAL,DAHM,AVIVANCO,LLANOS
8629,TERCERA,2020-04-23,MU,ASANDOVAL,DAHM,AVIVANCO,LLANOS
8639,TERCERA,2020-04-24,MU,ASANDOVAL,AVIVANCO,QUINTANILLA,PALLAVICINI
8648,TERCERA,2020-04-27,MU,ASANDOVAL,AVIVANCO,QUINTANILLA,MUNITA
8660,TERCERA,2020-04-28,MU,ASANDOVAL,AVIVANCO,PIERRY,PALLAVICINI
8673,TERCERA,2020-04-29,MU,ASANDOVAL,AVIVANCO,QUINTANILLA,PIERRY
8689,TERCERA,2020-04-09,MU,ASANDOVAL,AVIVANCO,QUINTANILLA,LAGOS
8705,TERCERA,2020-04-08,MU,ASANDOVAL,AVIVANCO,QUINTANILLA,LAGOS
8723,TERCERA,2020-04-07,MU,ASANDOVAL,AVIVANCO,QUINTANILLA,PIERRY
8741,TERCERA,2020-04-03,MU,ASANDOVAL,AVIVANCO,LAGOS,MUNITA
8759,TERCERA,2020-04-02,MU,ASANDOVAL,AVIVANCO,LAGOS,PIERRY
8776,TERCERA,2020-04-01,MU,ASANDOVAL,AVIVANCO,LAGOS,MUNITA
8780,TERCERA,2020-05-11,MU,ASANDOVAL,AVIVANCO,AETCHEBERRY,PIERRY
8782,TERCERA,2020-05-12,MU,ASANDOVAL,AVIVANCO,ABUAUAD,AGAJARDO
8785,TERCERA,2020-05-13,MU,ASANDOVAL,DAHM,AVIVANCO,LAGOS
8790,TERCERA,2020-05-14,MU,ASANDOVAL,AVIVANCO,QUINTANILLA,LAGOS
8796,TERCERA,2020-05-15,MU,ASANDOVAL,AVIVANCO,LAGOS,PALLAVICINI
8803,TERCERA,2020-05-18,MU,ASANDOVAL,AVIVANCO,QUINTANILLA,PALLAVICINI
8810,TERCERA,2020-05-19,MU,ASANDOVAL,AVIVANCO,ABUAUAD,PALLAVICINI
8817,TERCERA,2020-05-20,MU,ASANDOVAL,AVIVANCO,QUINTANILLA,MUNITA
8827,TERCERA,2020-05-22,MU,ASANDOVAL,LLANOS,QUINTANILLA,PIERRY
8836,TERCERA,2020-05-25,MU,ASANDOVAL,AVIVANCO,QUINTANILLA,PALLAVICINI
8851,TERCERA,2020-05-26,MU,ASANDOVAL,AVIVANCO,MUNITA,PIERRY
8863,TERCERA,2020-05-27,MU,ASANDOVAL,AVIVANCO,GOMEZ,ABUAUAD
8875,TERCERA,2020-05-28,MU,ASANDOVAL,AVIVANCO,LAGOS,PALLAVICINI
8889,TERCERA,2020-05-29,MU,ASANDOVAL,AVIVANCO,LAGOS,AGAJARDO
8905,TERCERA,2020-05-08,MU,ASANDOVAL,AVIVANCO,QUINTANILLA,ABUAUAD
8921,TERCERA,2020-05-07,MU,ASANDOVAL,AVIVANCO,QUINTANILLA,PALLAVICINI
8939,TERCERA,2020-05-06,MU,ASANDOVAL,AVIVANCO,QUINTANILLA,PIERRY
8959,TERCERA,2020-05-05,MU,ASANDOVAL,AVIVANCO,LAGOS,PALLAVICINI
8979,TERCERA,2020-05-04,MU,ASANDOVAL,AVIVANCO,LAGOS,PIERRY
8983,TERCERA,2020-06-10,MU,ASANDOVAL,AVIVANCO,PIERRY,PALLAVICINI
8987,TERCERA,2020-06-11,MU,ASANDOVAL,AVIVANCO,LLANOS,PALLAVICINI
8991,TERCERA,2020-06-12,MU,ASANDOVAL,AVIVANCO,ABUAUAD,PIERRY
8996,TERCERA,2020-06-15,MU,ASANDOVAL,AVIVANCO,PIERRY,PALLAVICINI
9002,TERCERA,2020-06-16,MU,ASANDOVAL,AVIVANCO,LAGOS,MUNITA
9009,TERCERA,2020-06-17,MU,ASANDOVAL,DAHM,AVIVANCO,PIERRY
9017,TERCERA,2020-06-18,MU,ASANDOVAL,AVIVANCO,PIERRY,PALLAVICINI
9026,TERCERA,2020-06-19,MU,ASANDOVAL,AVIVANCO,LAGOS,MUNITA
9047,TERCERA,2020-06-23,MU,ASANDOVAL,AVIVANCO,LAGOS,PIERRY
9058,TERCERA,2020-06-24,MU,ASANDOVAL,AVIVANCO,QUINTANILLA,PIERRY
9069,TERCERA,2020-06-25,MU,ASANDOVAL,AVIVANCO,PIERRY,PALAVICINI
9082,TERCERA,2020-06-26,MU,ASANDOVAL,AVIVANCO,QUINTANILLA,PALLAVICINI
9096,TERCERA,2020-06-30,MU,ASANDOVAL,AVIVANCO,PIERRY,PALLAVICINI
9112,TERCERA,2020-06-09,ASANDOVAL,DAHM,AVIVANCO,QUINTANILLA,PALLAVICINI
9125,TERCERA,2020-06-08,MU,ASANDOVAL,AVIVANCO,QUINTANILLA,PIERRY
9142,TERCERA,2020-06-05,MU,ASANDOVAL,AVIVANCO,PIERRY,PALLAVICINI
9165,TERCERA,2020-06-04,MU,ASANDOVAL,AVIVANCO,LAGOS,PALLAVICINI
9184,TERCERA,2020-06-03,MU,ASANDOVAL,AVIVANCO,LAGOS,PALLAVICINI
9205,TERCERA,2020-06-02,MU,ASANDOVAL,AVIVANCO,LAGOS,PIERRY
9228,TERCERA,2020-06-01,MU,ASANDOVAL,AVIVANCO,QUINTANILLA,ALAGOS
9231,TERCERA,2020-07-10,MU,ASANDOVAL,AVIVANCO,QUINTANILLA,LAGOS
9234,TERCERA,2020-07-13,ASANDOVAL,AVIVANCO,ZEPEDA,MUNITA,PIERRY
9238,TERCERA,2020-07-14,MU,ASANDOVAL,AVIVANCO,QUINTANILLA,ABUAUAD
9243,TERCERA,2020-07-15,MU,ASANDOVAL,AVIVANCO,PIERRY,PALLAVICINI
9249,TERCERA,2020-07-17,MU,ASANDOVAL,ZEPEDA,PIERRY,PALLAVICINI
9257,TERCERA,2020-07-20,MU,ASANDOVAL,AREPETTO,QUINTANILLA,PALLAVICINI
9265,TERCERA,2020-07-21,MU,ASANDOVAL,LLANOS,QUINTANILLA,PIERRY
9275,TERCERA,2020-07-22,MU,ASANDOVAL,AVIVANCO,QUINTANILLA,PALLAVICINI
9286,TERCERA,2020-07-23,MU,ASANDOVAL,AVIVANCO,LLANOS,ZEPEDA
9296,TERCERA,2020-07-24,MU,ASANDOVAL,AVIVANCO,QUINTANILLA,PALLAVICINI
9306,TERCERA,2020-07-27,ASANDOVAL,AVIVANCO,ZEPEDA,QUINTANILLA,PIERRY
9319,TERCERA,2020-07-28,MU,ASANDOVAL,AVIVANCO,LLANOS,ZEPEDA
9334,TERCERA,2020-07-29,MU,ASANDOVAL,AVIVANCO,QUINTANILLA,PALLAVICINI
9349,TERCERA,2020-07-30,MU,ASANDOVAL,AVIVANCO,QUINTANILLA,PIERRY
9367,TERCERA,2020-07-31,MU,ASANDOVAL,AVIVANCO,LLANOS,ZEPEDA
9386,TERCERA,2020-07-09,MU,ASANDOVAL,AVIVANCO,QUINTANILLA,PIERRY
9405,TERCERA,2020-07-08,MU,ASANDOVAL,AVIVANCO,QUINTANILLA,PIERRY
9425,TERCERA,2020-07-07,MU,ASANDOVAL,AVIVANCO,QUINTANILLA,PALLAVICINI
9443,TERCERA,2020-07-06,MU,ASANDOVAL,AVIVANCO,LAGOS,PIERRY
9462,TERCERA,2020-07-03,MU,ASANDOVAL,AVIVANCO,QUINTANILLA,PALLAVICINI
9484,TERCERA,2020-07-02,AVIVANCO,AREPETTO,ZEPEDA,QUINTANILLA,PALLAVICINI
9507,TERCERA,2020-07-01,MU,ASANDOVAL,AVIVANCO,QUINTANILLA,PIERRY
9510,TERCERA,2020-08-10,MU,ASANDOVAL,AVIVANCO,LLANOS,QUINTANILLA
9513,TERCERA,2020-08-11,MU,ASANDOVAL,AVIVANCO,QUINTANILLA,LAGOS
9517,TERCERA,2020-08-12,MU,ASANDOVAL,AVIVANCO,MUNITA,PALLAVICINI
9523,TERCERA,2020-08-13,MU,ASANDOVAL,AVIVANCO,QUINTANILLA,PIERRY
9529,TERCERA,2020-08-14,MU,ASANDOVAL,AVIVANCO,ZEPEDA,PIERRY
9536,TERCERA,2020-08-17,MU,ASANDOVAL,AVIVANCO,QUINTANILLA,MUNITA
9553,TERCERA,2020-08-19,MU,ASANDOVAL,AVIVANCO,PIERRY,PALLAVICINI
9563,TERCERA,2020-08-20,MU,ASANDOVAL,AVIVANCO,PIERRY,PALLAVICINI
9574,TERCERA,2020-08-21,MU,ASANDOVAL,AVIVANCO,PIERRY,PALLAVICINI
9587,TERCERA,2020-08-24,MU,ASANDOVAL,AVIVANCO,LLANOS,QUINTANILLA
9600,TERCERA,2020-08-25,MU,ASANDOVAL,ZEPEDA,LAGOS,PIERRY
9614,TERCERA,2020-08-26,ASANDOVAL,AVIVANCO,LLANOS,QUINTANILLA,PIERRY
9631,TERCERA,2020-08-27,ASANDOVAL,AVIVANCO,AREPETTO,QUINTANILLA,PALLAVICINI
9648,TERCERA,2020-08-28,MU,ASANDOVAL,AVIVANCO,QUINTANILLA,PIERRY
9665,TERCERA,2020-08-31,MU,ASANDOVAL,AVIVANCO,QUINTANILLA,MUNITA
9683,TERCERA,2020-08-07,MU,ASANDOVAL,AVIVANCO,QUINTANILLA,PIERRY
9703,TERCERA,2020-08-06,MU,ASANDOVAL,AVIVANCO,QUINTANILLA,PIERRY
9723,TERCERA,2020-08-05,MU,ASANDOVAL,AVIVANCO,QUINTANILLA,PALLAVICINI
9742,TERCERA,2020-08-04,MU,ASANDOVAL,AVIVANCO,LAGOS,PIERRY
9764,TERCERA,2020-08-03,ASANDOVAL,AVIVANCO,ZEPEDA,QUINTANILLA,LAGOS
9768,TERCERA,2020-09-10,MU,AVIVANCO,AREPETTO,QUINTANILLA,ABUAUAD
9769,TERCERA,2020-09-11,MU,ASANDOVAL,AVIVANCO,QUINTANILLA,LAGOS
9773,TERCERA,2020-09-14,MU,ASANDOVAL,AVIVANCO,MUNITA,BARRA
9777,TERCERA,2020-09-15,MU,ASANDOVAL,AVIVANCO,QUINTANILLA,LAGOS
9783,TERCERA,2020-09-16,MU,ASANDOVAL,AVIVANCO,QUINTANILLA,PALLAVICINI
9788,TERCERA,2020-09-17,MU,ASANDOVAL,AREPETTO,QUINTANILLA,LAGOS
9795,TERCERA,2020-09-21,MU,ASANDOVAL,AVIVANCO,AETCHEBERRY,MUNITA
9803,TERCERA,2020-09-22,MU,ASANDOVAL,AVIVANCO,QUINTANILLA,LAGOS
9817,TERCERA,2020-09-23,ASANDOVAL,DAHM,AVIVANCO,QUINTANILLA,PIERRY
9823,TERCERA,2020-09-24,MU,ASANDOVAL,AVIVANCO,LAGOS,PIERRY
9835,TERCERA,2020-09-25,MU,ASANDOVAL,ALLANOS,QUINTANILLA,PALLAVICINI
9846,TERCERA,2020-09-28,MU,ASANDOVAL,AVIVANCO,PIERRY,PALLAVICINI
9856,TERCERA,2020-09-29,SILVA,AREPETTO,ALLANOS,LAGOS,PIERRY
9872,TERCERA,2020-09-30,ASANDOVAL.,AVIVANCO,BIEL,QUINTANILLA,PIERRY
9886,TERCERA,2020-09-09,ASANDOVAL,PRADO,AVIVANCO,MUNITA,PALLAVICINI
9899,TERCERA,2020-09-08,MU,ASANDOVAL,PRADO,AREPETTO,LLANOS
9915,TERCERA,2020-09-07,MU,ASANDOVAL,AVIVANCO,PIERRY,PALLAVICINI
9934,TERCERA,2020-09-04,MU,ASANDOVAL,AVIVANCO,LAGOS,PIERRY
9968,TERCERA,2020-09-03,MU,ASANDOVAL,AVIVANCO,LAGOS,PIERRY
9970,TERCERA,2020-09-02,MU,ASANDOVAL,AVIVANCO,LAGOS,PALLAVICINI
9990,TERCERA,2020-09-01,MU,PRADO,AVIVANCO,LAGOS,MUNITA
9993,TERCERA,2020-10-13,MU,ASANDOVAL,AVIVANCO,QUINTANILLA,APALLAVICINI
9996,TERCERA,2020-10-14,MU,ASANDOVAL,AVIVANCO,MUNITA,APALLAVICINI
10000,TERCERA,2020-10-16,MU,ASANDOVAL,AVIVANCO,ARAVANALES,PIERRY
10001,TERCERA,2020-10-15,MU,ASANDOVAL,AVIVANCO,ARAVANALES,PIERRY
10009,TERCERA,2020-10-19,MU,ASANDOVAL,AVIVANCO,ARAVANALES,QUINTANILLA
10016,TERCERA,2020-10-20,MU,ASANDOVAL,AVIVANCO,ARAVANALES,LAGOS
10023,TERCERA,2020-10-21,AREPETTO,ARAVANALES,BIEL,QUINTANILLA,LAGOS
10032,TERCERA,2020-10-22,MU,ASANDOVAL,AVIVANCO,ARAVANALES,PIERRY
10040,TERCERA,2020-10-23,MU,ASANDOVAL,AVIVANCO,ARAVANALES,QUINTANILLA
10052,TERCERA,2020-10-27,MU,ASANDOVAL,AVIVANCO,ARAVANALES,QUINTANILLA
10089,TERCERA,2020-10-29,MU,ASANDOVAL,AVIVANCO,ARAVANALES,PALLAVICINI
10103,TERCERA,2020-10-28,MU,ASANDOVAL,ARAVANALES,QUINTANILLA,PIERRY
10105,TERCERA,2020-10-30,MU,ASANDOVAL,AVIVANCO,ARAVANALES,QUINTANILLA
10119,TERCERA,2020-10-09,MU,ASANDOVAL,AREPETTO,LAGOS,AETCHEBERRY
10134,TERCERA,2020-10-08,MU,ASANDOVAL,AVIVANCO,PIERRY,PALLAVICINI
10149,TERCERA,2020-10-07,MU,ASANDOVAL,AVIVANCO,LAGOS,PALLAVICINI
10169,TERCERA,2020-10-06,MU,ASANDOVAL,AVIVANCO,LAGOS,MUNITA
10189,TERCERA,2020-10-05,MU,ASANDOVAL,AVIVANCO,LAGOS,PIERRY
10205,TERCERA,2020-10-02,MU,ASANDOVAL,AVIVANCO,QUINTANILLA,PIERRY
10226,TERCERA,2020-10-01,MU,ASANDOVAL,AVIVANCO,PIERRY,PALLAVICINI
10229,TERCERA,2020-11-10,MU,AVIVANCO,ARAVANALES,BIEL,LAGOS
10236,TERCERA,2020-11-12,MU,ASANDOVAL,ARAVANALES,QUINTANILLA,PALLAVICINI
10241,TERCERA,2020-11-13,MU,ASANDOVAL,ARAVANALES,QUINTANILLA,PIERRY
10246,TERCERA,2020-11-16,ASANDOVAL,AVIVANCO,ARAVANALES,QUINTANILLA,PALLAVICINI
10253,TERCERA,2020-11-17,MU,ASANDOVAL,AVIVANCO,ARAVANALES,PIERRY
10261,TERCERA,2020-11-18,MU,ASANDOVAL,AVIVANCO,SILVA,QUINTANILLA
10270,TERCERA,2020-11-19,MU,ASANDOVAL,AVIVANCO,QUINTANILLA,PIERRY
10280,TERCERA,2020-11-20,MU,ASANDOVAL,AVIVANCO,PIERRY,PALLAVICINI
10290,TERCERA,2020-11-23,MU,ASANDOVAL,AVIVANCO,ARAVANALES,ZEPEDA
10301,TERCERA,2020-11-24,MU,ASANDOVAL,AVIVANCO,ARAVANALES,QUINTANILLA
10313,TERCERA,2020-11-25,ASANDOVAL,AVIVANCO,ARAVANALES,PIERRY,PALLAVICINI
10327,TERCERA,2020-11-26,ASANDOVAL,AVIVANCO,ARAVANALES,QUINTANILLA,PIERRY
10341,TERCERA,2020-11-27,ASANDOVAL,DAHM,AVIVANCO,QUINTANILLA,LAGOS
10355,TERCERA,2020-11-30,MU,ASANDOVAL,AVIVANCO,ARAVANALES,BIEL
10370,TERCERA,2020-11-09,AVIVANCO,ARAVANALES,BIEL,QUINTANILLA,PALLAVICINI
10388,TERCERA,2020-11-06,ASANDOVAL,AVIVANCO,SILVA,ARAVANALES,PIERRY
10408,TERCERA,2020-11-05,MU,ASANDOVAL,AVIVANCO,ARAVANALES,PIERRY
10429,TERCERA,2020-11-04,MU,ASANDOVAL,AVIVANCO,MUNITA,PALLAVICINI
10451,TERCERA,2020-11-03,MU,ASANDOVAL,AVIVANCO,ARAVANALES,QUINTANILLA
10472,TERCERA,2020-11-02,MU,ASANDOVAL,AVIVANCO,ARAVANALES,PALLAVICINI
10475,TERCERA,2020-12-10,MU,ASANDOVAL,AVIVANCO,AREPETTO,QUINTANILLA
10477,TERCERA,2020-12-11,ASANDOVAL,AVIVANCO,ARAVANALES,QUINTANILLA,LAGOS
10483,TERCERA,2020-12-14,MU,ASANDOVAL,AVIVANCO,PIERRY,PALLAVICINI
10489,TERCERA,2020-12-15,MU,ASANDOVAL,AVIVANCO,ARAVANALES,QUINTANILLA
10496,TERCERA,2020-12-16,MU,ASANDOVAL,AVIVANCO,ARAVANALES,PIERRY
10503,TERCERA,2020-12-17,MU,ASANDOVAL,AVIVANCO,ARAVANALES,PIERRY
10511,TERCERA,2020-12-21,MU,AVIVANCO,MU,SHERTZER,PIERRY
10520,TERCERA,2020-12-22,MU,AVIVANCO,ARAVANALES,BIEL,SHERTZER
10530,TERCERA,2020-12-23,MU,AVIVANCO,SHERTZER,QUINTANILLA,PIERRY
10540,TERCERA,2020-12-24,MU,AVIVANCO,ARAVANALES,SHERTZER,QUINTANILLA
10552,TERCERA,2020-12-28,MU,AVIVANCO,ARAVANALES,SHERTZER,PALLAVICINI
10567,TERCERA,2020-12-29,MU,AVIVANCO,ARAVANALES,BIEL,SHERTZER
10581,TERCERA,2020-12-30,MU,AVIVANCO,ARAVANALES,SHERTZER,QUINTANILLA
10611,TERCERA,2020-12-31,MU,AVIVANCO,ARAVANALES,CARROZA,SHERTZER
10612,TERCERA,2020-12-09,MU,ASANDOVAL,BIEL,QUINTANILLA,PIERRY
10631,TERCERA,2020-12-07,ASANDOVAL,SILVA,ARAVANALES,QUINTANILLA,PIERRY
10649,TERCERA,2020-12-04,ASANDOVAL,AVIVANCO,ARAVANALES,QUINTANILLA,PALLAVICINI
10668,TERCERA,2020-12-03,MU,ASANDOVAL,AVIVANCO,AREPETTO,QUINTANILLA
10689,TERCERA,2020-12-02,MU,AVIVANCO,ARAVANALES,QUINTANILLA,PIERRY
10710,TERCERA,2020-12-01,MU,ASANDOVAL,AVIVANCO,ABUAUAD,PIERRY
10713,TERCERA,2021-01-11,MU,ASANDOVAL,ARAVANALES,CARROZA,PALLAVICINI
10716,TERCERA,2021-01-12,MU,ASANDOVAL,ARAVANALES,CARROZA,PIERRY
10721,TERCERA,2021-01-13,ASANDOVAL,ARAVANALES,CARROZA,LAGOS,PALLAVICINI
10726,TERCERA,2021-01-14,MU,ASANDOVAL,CARROZA,QUINTANILLA,PIERRY
10732,TERCERA,2021-01-15,MU,ASANDOVAL,ARAVANALES,CARROZA,QUINTANILLA
10740,TERCERA,2021-01-18,MU,ASANDOVAL,AVIVANCO,CARROZA,LAGOS
10748,TERCERA,2021-01-19,MU,ASANDOVAL,AVIVANCO,ARAVANALES,QUINTANILLA
10757,TERCERA,2021-01-20,MU,AVIVANCO,ARAVANALES,CARROZA,PALLAVICINI
10768,TERCERA,2021-01-21,MU,ASANDOVAL,AVIVANCO,ARAVANALES,CARROZA
10779,TERCERA,2021-01-22,MU,ASANDOVAL,AVIVANCO,ARAVANALES,CARROZA
10792,TERCERA,2021-01-25,MU,ASANDOVAL,AVIVANCO,ARAVANALES,CARROZA
10805,TERCERA,2021-01-26,MU,ASANDOVAL,AVIVANCO,CARROZA,PIERRY
10819,TERCERA,2021-01-27,MU,ASANDOVAL,AVIVANCO,RAVANALES,PIERRY
10833,TERCERA,2021-01-28,MU,AVIVANCO,ARAVANALES,CARROZA,PIERRY
10849,TERCERA,2021-01-29,ASANDOVAL,AVIVANCO,ARAVANALES,QUINTANILLA,PALLAVICINI
10866,TERCERA,2021-01-08,MU,ASANDOVAL,ARAVANALES,CARROZA,QUINTANILLA
10885,TERCERA,2021-01-07,MU,ASANDOVAL,ARAVANALES,CARROZA,SHERTZER
10916,TERCERA,2021-01-06,ASANDOVAL,ARAVANALES,CARROZA,PIERRY,PALLAVICINI
10918,TERCERA,2021-02-10,MU,AVIVANCO,CARROZA,ZEPEDA,QUINTANILLA
10923,TERCERA,2021-02-11,MU,AVIVANCO,ARAVANALES,CARROZA,QUINTANILLA
10928,TERCERA,2021-02-16,AVIVANCO,CARROZA,AQUEZADA,QUINTANILLA,PALLAVICINI
10933,TERCERA,2021-02-15,AVIVANCO,ARAVANALES,CARROZA,QUEZADA,QUINTANILLA
10935,TERCERA,2021-02-17,AVIVANCO,ARAVANALES,CARROZA,AQUEZADA,PIERRY
10941,TERCERA,2021-02-18,AVIVANCO,MERA,AQUEZADA,LAGOS,PIERRY
10952,TERCERA,2021-02-19,AVIVANCO,ARAVANALES,CARROZA,AQUEZADA,PIERRY
10953,TERCERA,2021-02-22,AVIVANCO,CARROZA,AQUEZADA,QUINTANILLA,PIERRY
10966,TERCERA,2021-02-23,AVIVANCO,ARAVANALES,CARROZA,AQUEZADA,QUINTANILLA
10967,TERCERA,2021-02-24,AVIVANCO,ARAVANALES,CARROZA,AQUEZADA,PALLAVICINI
10977,TERCERA,2021-02-25,AVIVANCO,ARAVANALES,CARROZA,AQUEZADA,QUINTANILLA
10989,TERCERA,2021-02-26,AVIVANCO,ARAVANALES,CARROZA,AQUEZADA,QUINTANILLA
11002,TERCERA,2021-02-09,MU,AVIVANCO,ARAVANALES,CARROZA,PIERRY
11015,TERCERA,2021-02-08,MU,AVIVANCO,ARAVANALES,CARROZA,LAGOS
11032,TERCERA,2021-02-05,MU,AVIVANCO,ARAVANALES,CARROZA,PALLAVICINI
11048,TERCERA,2021-02-04,MU,AVIVANCO,ARAVANALES,QUINTANILLA,LAGOS
11058,TERCERA,2021-02-03,MU,ASANDOVAL,AVIVANCO,ARAVANALES,PIERRY
11078,TERCERA,2021-02-02,MU,ASANDOVAL,AVIVANCO,ARAVANALES,CARROZA
11096,TERCERA,2021-02-01,MU,ASANDOVAL,AVIVANCO,ARAVANALES,CARROZA
11099,TERCERA,2021-03-10,MU,AVIVANCO,ARAVANALES,CARROZA,AGUILA
11105,TERCERA,2021-03-12,MU,ARAVANALES,CARROZA,ALCALDE,ABENAVIDES
11109,TERCERA,2021-03-11,MU,AVIVANCO,ARAVANALES,CARROZA,ALCALDE
11110,TERCERA,2021-03-15,MU,AVIVANCO,ARAVANALES,CARROZA,ABENAVIDES
11131,TERCERA,2021-03-18,MU,AVIVANCO,CARROZA,AGAJARDO,ATAVOLARI
11134,TERCERA,2021-03-16,MU,AVIVANCO,ARAVANALES,CARROZA,ALCALDE
11147,TERCERA,2021-03-17,MU,AVIVANCO,ARAVANALES,CARROZA,AGUILA
11162,TERCERA,2021-03-22,MU,DAHM,AVIVANCO,ARAVANALES,CARROZA
11163,TERCERA,2021-03-23,MU,AVIVANCO,ARAVANALES,CARROZA,AGUILA
11169,TERCERA,2021-03-24,MU,AVIVANCO,ARAVANALES,CARROZA,ABENAVIDES
11178,TERCERA,2021-03-19,AVIVANCO,RAVANALES,ALUSIC,ALCALDE,AGUILA
11181,TERCERA,2021-03-25,ARAVANALES,CARROZA,ALUSIC,ALCALDE,AGUILA
11194,TERCERA,2021-03-26,MU,AVIVANCO,CARROZA,HUMERES,ABUAUAD
11234,TERCERA,2021-03-29,MU,AVIVANCO,CARROZA,ALCALDE,AGUILA
11235,TERCERA,2021-03-30,MU,AVIVANCO,CARROZA,MUNITA,AGUILA
11236,TERCERA,2021-03-31,MU,AVIVANCO,ALUSIC,MUNITA,ALCALDE
11250,TERCERA,2021-03-09,MU,AVIVANCO,ARAVANALES,ALCALDE,ABENAVIDES
11270,TERCERA,2021-03-08,MU,AVIVANCO,ARAVANALES,CARROZA,AGUILA
11288,TERCERA,2021-03-05,MU,AVIVANCO,ARAVANALES,CARROZA,ALCALDE
11305,TERCERA,2021-03-04,MU,AVIVANCO,ARAVANALES,CARROZA,MUNITA
11319,TERCERA,2021-03-03,MU,AVIVANCO,ARAVANALES,CARROZA,MUNITA
11341,TERCERA,2021-03-02,MU,AVIVANCO,ARAVANALES,CARROZA,AGAJARDO
11362,TERCERA,2021-03-01,MU,ARAVANALES,CARROZA,MERA,AGAJARDO
11367,TERCERA,2021-04-12,MU,AVIVANCO,ARAVANALES,CARROZA,ALCALDE
11368,TERCERA,2021-04-13,MU,AVIVANCO,ARAVANALES,CARROZA,MUNITA
11372,TERCERA,2021-04-14,MU,AVIVANCO,ARAVANALES,ALCALDE,AETCHEBERRY
11378,TERCERA,2021-04-15,MU,AVIVANCO,ARAVANALES,CARROZA,AGUILA
11384,TERCERA,2021-04-16,MU,AVIVANCO,SILVA,AGAJARDO,ABENAVIDES
11392,TERCERA,2021-04-19,MU,AVIVANCO,ARAVANALES,CARROZA,ALCALDE
11398,TERCERA,2021-04-20,MU,AVIVANCO,CARROZA,ACOPPO,ABUAUAD
11416,TERCERA,2021-04-22,MU,AVIVANCO,ARAVANALES,CARROZA,ALCALDE
11427,TERCERA,2021-04-23,AVIVANCO,ARAVANALES,CARROZA,ALCALDE,ABENAVIDES
11439,TERCERA,2021-04-26,MU,AVIVANCO,ARAVANALES,CARROZA,ALCALDE
11452,TERCERA,2021-04-27,MU,AVIVANCO,SILVA,ARAVANALES,CARROZA
11465,TERCERA,2021-04-28,SILVA,AREPETTO,ARAVANALES,MUNITA,ALCALDE
11474,TERCERA,2021-04-29,MU,ARAVANALES,CARROZA,ATAVOLARI,FUENTES
11486,TERCERA,2021-04-30,MU,ARAVANALES,CARROZA,ALCALDE,ABENAVIDES
11498,TERCERA,2021-04-09,MU,AVIVANCO,CARROZA,ATAVOLARI,ABENAVIDES
11515,TERCERA,2021-04-08,MU,AVIVANCO,ARAVANALES,CARROZA,ABENAVIDES
11533,TERCERA,2021-04-07,AVIVANCO,SILVA,CARROZA,AGAJARDO,ALCALDE
11556,TERCERA,2021-04-06,MU,AVIVANCO,ARAVANALES,CARROZA,AGUILA
11570,TERCERA,2021-04-05,MU,AVIVANCO,ARAVANALES,CARROZA,ABENAVIDES
11594,TERCERA,2021-04-01,MU,AVIVANCO,CARROZA,ALCALDE,ABENAVIDES
11598,TERCERA,2021-05-10,MU,AVIVANCO,ARAVANALES,CARROZA,AGUILA
11602,TERCERA,2021-05-11,MU,AVIVANCO,ARAVANALES,CARROZA,ABENAVIDES
11605,TERCERA,2021-05-13,MU,AVIVANCO,ARAVANALES,CARROZA,ATAVOLARI
11607,TERCERA,2021-05-12,MU,AVIVANCO,ARAVANALES,CARROZA,HUMERES
11613,TERCERA,2021-05-14,MU,AVIVANCO,ARAVANALES,CARROZA,AGUILA
11618,TERCERA,2021-05-17,MU,AVIVANCO,ARAVANALES,CARROZA,MUNITA
11627,TERCERA,2021-05-18,MU,AVIVANCO,ARAVANALES,CARROZA,ALCALDE
11636,TERCERA,2021-05-19,MU,AVIVANCO,ARAVANALES,AGAJARDO,ATAVOLARI
11643,TERCERA,2021-05-20,MU,CARROZA,BIEL,MUNITA,AGAJARDO
11654,TERCERA,2021-05-24,MU,ARAVANALES,CARROZA,ALCALDE,AGUILA
11665,TERCERA,2021-05-25,MU,ARAVANALES,CARROZA,AGUILA,ABENAVIDES
11689,TERCERA,2021-05-26,ARAVANALES,MU,GOMEZ,ALCALDE,AGUILA
11701,TERCERA,2021-05-28,MU,CARROZA,MU,HUMERES,ABENAVIDES
11702,TERCERA,2021-05-27,MU,ARAVANALES,CARROZA,MUNITA,ABENAVIDES
11715,TERCERA,2021-05-31,MU,AVIVANCO,CARROZA,ALCALDE,AGUILA
11744,TERCERA,2021-05-07,MU,AVIVANCO,ARAVANALES,CARROZA,ABENAVIDES
11763,TERCERA,2021-05-06,MU,AVIVANCO,CARROZA,ALCALDE,ATAVOLARI
11764,TERCERA,2021-05-05,MU,AVIVANCO,ARAVANALES,AGUILA,ABENAVIDES
11783,TERCERA,2021-05-04,MU,AVIVANCO,ARAVANALES,CARROZA,ALCALDE
11797,TERCERA,2021-05-03,MU,AVIVANCO,ARAVANALES,CARROZA,AGUILA
11801,TERCERA,2021-06-11,ARAVANALES,CARROZA,ALETELIER,AGAJARDO,ABENAVIDES
11802,TERCERA,2021-06-10,MU,AVIVANCO,BIEL,MUNITA,ABENAVIDES
11809,TERCERA,2021-06-15,MU,AVIVANCO,ARAVANALES,CARROZA,ALCALDE
11810,TERCERA,2021-06-14,MU,AVIVANCO,ARAVANALES,CARROZA,ALCALDE
11816,TERCERA,2021-06-16,MU,AVIVANCO,ARAVANALES,CARROZA,AGUILA
11823,TERCERA,2021-06-17,MU,AVIVANCO,ARAVANALES,CARROZA,ABENAVIDES
11830,TERCERA,2021-06-18,AVIVANCO,ARAVANALES,ALETELIER,AGUILA,ABENAVIDES
11838,TERCERA,2021-06-22,MU,AVIVANCO,ARAVANALES,CARROZA,ALCALDE
11864,TERCERA,2021-06-23,MU,ARAVANALES,CARROZA,MUNITA,ATAVOLARI
11867,TERCERA,2021-06-25,MU,AVIVANCO,ARAVANALES,CARROZA,AGUILA
11878,TERCERA,2021-06-24,MU,AVIVANCO,CARROZA,MUNITA,ALCALDE
11880,TERCERA,2021-06-29,AVIVANCO,CARROZA,MU,ALCALDE,AGUILA
11891,TERCERA,2021-06-30,MU,AVIVANCO,ARAVANALES,ALCALDE,ABENAVIDES
11903,TERCERA,2021-06-09,MU,AVIVANCO,ARAVANALES,CARROZA,ALCALDE
11919,TERCERA,2021-06-08,MU,AVIVANCO,ARAVANALES,CARROZA,ALCALDE
11933,TERCERA,2021-06-07,MU,AVIVANCO,CARROZA,ALCALDE,AGUILA
11951,TERCERA,2021-06-04,MU,AVIVANCO,ARAVANALES,CARROZA,ALCALDE
11969,TERCERA,2021-06-03,MU,AVIVANCO,ARAVANALES,CARROZA,ABENAVIDES
11984,TERCERA,2021-06-02,MU,AVIVANCO,ARAVANALES,CARROZA,ABENAVIDES
12005,TERCERA,2021-06-01,MU,AVIVANCO,ARAVANALES,CARROZA,AGUILA
12009,TERCERA,2021-07-12,MU,AVIVANCO,CARROZA,MUNITA,AGAJARDO
12011,TERCERA,2021-07-13,AVIVANCO,CARROZA,MU,MUNITA,AGUILA
12015,TERCERA,2021-07-14,MU,CARROZA,SILVA,AGAJARDO,ALCALDE
12024,TERCERA,2021-07-15,MU,SILVA,CARROZA,ALCALDE,ABENAVIDES
12025,TERCERA,2021-07-19,MU,AVIVANCO,CARROZA,MUNITA,AGAJARDO
12039,TERCERA,2021-07-21,MU,AVIVANCO,ARAVANALES,CARROZA,ALCALDE
12045,TERCERA,2021-07-22,MU,AVIVANCO,ARAVANALES,AGUILA,ABENAVIDES
12054,TERCERA,2021-07-23,MU,AVIVANCO,ARAVANALES,CARROZA,ABENAVIDES
12062,TERCERA,2021-07-26,MU,AVIVANCO,ARAVANALES,CARROZA,ACOPPO
12070,TERCERA,2021-07-27,MU,AVIVANCO,ARAVANALES,MUNITA,AGAJARDO
12081,TERCERA,2021-07-28,MU,AVIVANCO,ARAVANALES,CARROZA,AGUILA
12095,TERCERA,2021-07-29,MU,AVIVANCO,ARAVANALES,CARROZA,ATAVOLARI
12108,TERCERA,2021-07-30,MU,AVIVANCO,ARAVANALES,CARROZA,HUMERES
12125,TERCERA,2021-07-09,MU,AVIVANCO,CARROZA,ALETELIER,ALCALDE
12140,TERCERA,2021-07-08,MU,AVIVANCO,CARROZA,ALCALDE,ABUAUAD
12158,TERCERA,2021-07-07,MU,CARROZA,MU,HUMERES,AGUILA
12174,TERCERA,2021-07-06,AVIVANCO,CARROZA,MU,AGAJARDO,ALCALDE
12192,TERCERA,2021-07-05,MU,AVIVANCO,CARROZA,ALETELIER,ABENAVIDES
12210,TERCERA,2021-07-02,MU,AVIVANCO,ARAVANALES,CARROZA,ABENAVIDES
12228,TERCERA,2021-07-01,AVIVANCO,ARAVANALES,ZEPEDA,RUZ,AETCHEBERRY
12230,TERCERA,2021-08-10,MU,AVIVANCO,ARAVANALES,CARROZA,ABENAVIDES
12233,TERCERA,2021-08-11,MU,AVIVANCO,ARAVANALES,CARROZA,AGUILA
12236,TERCERA,2021-08-12,MU,ARAVANALES,CARROZA,ALCALDE,AGUILA
12242,TERCERA,2021-08-13,MU,ARAVANALES,CARROZA,ALCALDE,ABENAVIDES
12249,TERCERA,2021-08-16,MU,AVIVANCO,ARAVANALES,CARROZA,ALCALDE
12256,TERCERA,2021-08-17,MU,AVIVANCO,ARAVANALES,AGUILA,ABUAUAD
12264,TERCERA,2021-08-18,MU,VALDERRAMA,AVIVANCO,ARAVANALES,ALCALDE
12282,TERCERA,2021-08-20,MU,AVIVANCO,CARROZA,AGUILA,ABENAVIDES
12301,TERCERA,2021-08-19,MU,AVIVANCO,ARAVANALES,AGAJARDO,ABUAUAD
12305,TERCERA,2021-08-24,MU,AVIVANCO,ARAVANALES,, CARROZA
12316,TERCERA,2021-08-23,MU,AVIVANCO,ARAVANALES,, CARROZA
12332,TERCERA,2021-08-25,MU,AVIVANCO,ARAVANALES,CARROZA,ABENAVIDES
12346,TERCERA,2021-08-26,MU,AVIVANCO,CARROZA,ALCALDE,ABENAVIDES
12347,TERCERA,2021-08-27,MU,AVIVANCO,ARAVANALES,CARROZA,ABENAVIDES
12362,TERCERA,2021-08-30,MU,AVIVANCO,ARAVANALES,CARROZA,MUNITA
12378,TERCERA,2021-08-31,MU,AVIVANCO,ARAVANALES,MUNITA,AGUILA
12417,TERCERA,2021-08-09,MU,AVIVANCO,ARAVANALES,CARROZA,AGUILA
12424,TERCERA,2021-08-06,MU,AVIVANCO,ARAVANALES,CARROZA,AGUILA
12433,TERCERA,2021-08-05,MU,AVIVANCO,SILVA,CARROZA,MERA
12456,TERCERA,2021-08-04,MU,AVIVANCO,CARROZA,MUNITA,ABENAVIDES
12498,CUARTA,2020-01-10,, ,A,A,A
12499,CUARTA,2020-01-13,, ,A,A,A
12500,CUARTA,2020-01-14,, ,A,A,A
12502,CUARTA,2020-01-15,BLANCO,SILVA,AREPETTO,LAGOS,ABUAUAD
12508,CUARTA,2020-01-16,BLANCO,AMU,SILVA,AREPETTO,AETCHEBERRY
12516,CUARTA,2020-01-17,BLANCO,SILVA,AREPETTO,MUNITA,AGAJARDO
12527,CUARTA,2020-01-20,BLANCO,AMU,SILVA,AETCHEBERRY,LAGOS
12538,CUARTA,2020-01-21,BLANCO,AMU,SILVA,QUINTANILLA,MUNITA
12550,CUARTA,2020-01-22,BLANCO,SILVA,AREPETTO,QUINTANILLA,LAGOS
12563,CUARTA,2020-01-23,BLANCO,SILVA,AREPETTO,LAGOS,PALLAVICINI
12578,CUARTA,2020-01-24,BLANCO,AMU,SILVA,AREPETTO,BARRA
12594,CUARTA,2020-01-27,BLANCO,ACHEVESICH,AMU,AREPETTO,QUINTANILLA
12608,CUARTA,2020-01-28,BLANCO,ACHEVESICH,AMU,SILVA,AREPETTO
12624,CUARTA,2020-01-29,BLANCO,SILVA,AREPETTO,QUINTANILLA,LAGOS
12642,CUARTA,2020-01-30,ACHEVESICH,AMU,SILVA,AREPETTO,BARRA
12660,CUARTA,2020-01-09,, ,A,A,
12679,CUARTA,2020-01-08,, ,A,A,
12698,CUARTA,2020-01-07,, ,A,A,A
12717,CUARTA,2020-01-06,, ,A,A,A
12739,CUARTA,2020-01-03,BLANCO,ACHEVESICH,AREPETTO,MUNITA,PALLAVICINI
12742,CUARTA,2020-02-10,BLANCO,ACHEVESICH,AMU,SILVA,AETCHEBERRY
12746,CUARTA,2020-02-12,BLANCO,ACHEVESICH,AMU,SILVA,BARRA
12749,CUARTA,2020-02-13,BLANCO,ACHEVESICH,AMU,SILVA,AREPETTO
12754,CUARTA,2020-02-14,BLANCO,ACHEVESICH,AMU,SILVA,AREPETTO
12760,CUARTA,2020-02-17,BLANCO,ACHEVESICH,AMU,SILVA,AREPETTO
12766,CUARTA,2020-02-18,BLANCO,ACHEVESICH,AMU,SILVA,AREPETTO
12774,CUARTA,2020-02-19,BLANCO,ACHEVESICH,AMU,SILVA,AREPETTO
12783,CUARTA,2020-02-20,BLANCO,ACHEVESICH,SILVA,, 
12793,CUARTA,2020-02-21,BLANCO,ACHEVESICH,SILVA,A,
12804,CUARTA,2020-02-24,BLANCO,ACHEVESICH,AMU,SILVA,A
12815,CUARTA,2020-02-25,BLANCO,ACHEVESICH,AMU,SILVA,ABUAUAD
12830,CUARTA,2020-02-26,BLANCO,ACHEVESICH,AMU,SILVA,PALLAVICINI
12844,CUARTA,2020-02-27,BLANCO,ACHEVESICH,AMU,, 
12872,CUARTA,2020-02-07,BLANCO,ACHEVESICH,AMU,SILVA,AREPETTO
12889,CUARTA,2020-02-06,BLANCO,ACHEVESICH,AMU,SILVA,AREPETTO
12906,CUARTA,2020-02-05,BLANCO,ACHEVESICH,AMU,SILVA,AREPETTO
12924,CUARTA,2020-02-11,BLANCO,ACHEVESICH,AMU,SILVA,BARRA
12942,CUARTA,2020-02-03,BLANCO,ACHEVESICH,AMU,SILVA,AREPETTO
12946,CUARTA,2020-03-11,BLANCO,ACHEVESICH,AMU,SILVA,ZEPEDA
12947,CUARTA,2020-03-10,BLANCO,AMU,, ,AETCHEBERRY
12952,CUARTA,2020-03-12,BLANCO,ACHEVESICH,AMU,SILVA,ZEPEDA
12957,CUARTA,2020-03-13,BLANCO,ACHEVESICH,ZEPEDA,AETCHEBERRY,AGAJARDO
12962,CUARTA,2020-03-16,BLANCO,ACHEVESICH,ZEPEDA,AETCHEBERRY,BARRA
12969,CUARTA,2020-03-17,BLANCO,AMU,ZEPEDA,AGAJARDO,DE
12977,CUARTA,2020-03-18,BLANCO,ACHEVESICH,SILVA,ZEPEDA,AETCHEBERRY
12986,CUARTA,2020-03-19,BLANCO,ACHEVESICH,AMU,SILVA,ZEPEDA
12997,CUARTA,2020-03-23,BLANCO,AMU,SILVA,ZEPEDA,LAGOS
13008,CUARTA,2020-03-24,BLANCO,AMU,SILVA,ZEPEDA,AETCHEBERRY
13020,CUARTA,2020-03-25,BLANCO,ACHEVESICH,AMU,SILVA,ZEPEDA
13033,CUARTA,2020-03-26,BLANCO,AMU,SILVA,ZEPEDA,BARRA
13046,CUARTA,2020-03-27,BLANCO,AMU,SILVA,MU,AETCHEBERRY
13059,CUARTA,2020-03-30,BLANCO,AMU,SILVA,ZEPEDA.,BARRA
13074,CUARTA,2020-03-09,BLANCO,ACHEVESICH,AMU,SILVA,
13091,CUARTA,2020-03-06,BLANCO,ACHEVESICH,AMU,SILVA,
13109,CUARTA,2020-03-05,BLANCO,ACHEVESICH,AMU,SILVA,
13129,CUARTA,2020-03-04,BLANCO,ACHEVESICH,AMU,SILVA,
13167,CUARTA,2020-03-02,BLANCO,ACHEVESICH,AMU,SILVA,
13170,CUARTA,2020-04-13,BLANCO,AMU,SILVA,ZEPEDA.,BARRA
13173,CUARTA,2020-04-14,BLANCO,AMU,SILVA,ZEPEDA.,BARRA
13177,CUARTA,2020-04-15,BLANCO,AMU,SILVA,ZEPEDA.,AETCHEBERRY
13182,CUARTA,2020-04-16,BLANCO,AMU,SILVA,ZEPEDA.,DE
13188,CUARTA,2020-04-17,BLANCO,AMU,SILVA,ZEPEDA.,AETCHEBERRY
13195,CUARTA,2020-04-20,BLANCO,AMU,SILVA,ZEPEDA.,AETCHEBERRY
13203,CUARTA,2020-04-21,BLANCO,AMU,SILVA,ZEPEDA.,DE
13211,CUARTA,2020-04-22,BLANCO,AMU,SILVA,ZEPEDA.,BARRA
13221,CUARTA,2020-04-23,BLANCO,AMU,SILVA,ZEPEDA.,AETCHEBERRY
13232,CUARTA,2020-04-24,BLANCO,AMU,SILVA,ZEPEDA.,DE
13244,CUARTA,2020-04-27,BLANCO,AMU,SILVA,ZEPEDA.,AETCHEBERRY
13258,CUARTA,2020-04-28,BLANCO,AMU,SILVA,ZEPEDA,BARRA
13272,CUARTA,2020-04-29,BLANCO,AMU,SILVA,ZEPEDA,DE
13287,CUARTA,2020-04-09,BLANCO,AMU,SILVA,ZEPEDA.,AETCHEBERRY
13302,CUARTA,2020-04-08,BLANCO,AMU,SILVA,ZEPEDA.,DE
13319,CUARTA,2020-04-07,BLANCO,AMU,SILVA,ZEPEDA.,DE
13337,CUARTA,2020-04-03,BLANCO,AMU,SILVA,ZEPEDA.,AETCHEBERRY
13358,CUARTA,2020-04-02,BLANCO,AMU,SILVA,ZEPEDA.,AETCHEBERRY
13380,CUARTA,2020-04-01,BLANCO,ACHEVESICH,AMU,SILVA,ZEPEDA.
13384,CUARTA,2020-05-11,BLANCO,AMU,SILVA,ZEPEDA,DE
13387,CUARTA,2020-05-12,BLANCO,AMU,SILVA,ZEPEDA,LAGOS
13390,CUARTA,2020-05-13,BLANCO,AMU,SILVA,ZEPEDA,AETCHEBERRY
13397,CUARTA,2020-05-14,BLANCO,AMU,SILVA,ZEPEDA,BARRA
13403,CUARTA,2020-05-15,BLANCO,AMU,SILVA,ZEPEDA,AETCHEBERRY
13410,CUARTA,2020-05-18,BLANCO,AMU,SILVA,ZEPEDA,DE
13418,CUARTA,2020-05-19,BLANCO,AMU,SILVA,ZEPEDA,LAGOS
13426,CUARTA,2020-05-20,BLANCO,AMU,SILVA,ZEPEDA,AETCHEBERRY
13436,CUARTA,2020-05-22,BLANCO,AMU,SILVA,ZEPEDA,DE
13447,CUARTA,2020-05-25,BLANCO,AMU,SILVA,AETCHEBERRY,BARRA
13460,CUARTA,2020-05-26,BLANCO,AMU,SILVA,ZEPEDA,DE
13472,CUARTA,2020-05-27,BLANCO,AMU,ZEPEDA,AETCHEBERRY,BARRA
13484,CUARTA,2020-05-28,BLANCO,AMU,SILVA,ZEPEDA,DE
13498,CUARTA,2020-05-29,BLANCO,AMU,SILVA,ZEPEDA,AETCHEBERRY
13514,CUARTA,2020-05-08,BLANCO,AMU,SILVA,ZEPEDA,AETCHEBERRY
13531,CUARTA,2020-05-07,BLANCO,AMU,SILVA,ZEPEDA,BARRA
13549,CUARTA,2020-05-06,BLANCO,AMU,SILVA,ZEPEDA,DE
13567,CUARTA,2020-05-05,BLANCO,AMU,SILVA,ZEPEDA,A
13588,CUARTA,2020-05-04,BLANCO,AMU,SILVA,ZEPEDA,BARRA
13591,CUARTA,2020-06-10,BLANCO,SILVA,MU,BARRA,DE
13594,CUARTA,2020-06-11,FUENTES,BLANCO,SILVA,MU,AETCHEBERRY
13598,CUARTA,2020-06-12,BLANCO,SILVA,MU,AETCHEBERRY,BARRA
13603,CUARTA,2020-06-15,BLANCO,SILVA,MU,AETCHEBERRY,BARRA
13609,CUARTA,2020-06-16,BLANCO,SILVA,MU,AETCHEBERRY,DE
13616,CUARTA,2020-06-17,BRITO,BLANCO,SILVA,MU,AETCHEBERRY
13624,CUARTA,2020-06-18,BRITO,BLANCO,SILVA,LLANOS,MU
13633,CUARTA,2020-06-19,BLANCO,SILVA,MU,AETCHEBERRY,BARRA
13651,CUARTA,2020-06-23,BLANCO,AMU,SILVA,MU,AETCHEBERRY
13662,CUARTA,2020-06-24,BLANCO,AMU,SILVA,AREPETTO,DE
13684,CUARTA,2020-06-26,BLANCO,AMU,SILVA,AREPETTO,AETCHEBERRY
13697,CUARTA,2020-06-30,BLANCO,AMU,SILVA,AREPETTO,BARRA
13712,CUARTA,2020-06-09,AEGNEM,BLANCO,SILVA,ZEPEDA,BARRA
13725,CUARTA,2020-06-08,BLANCO,AMU,SILVA,ZEPEDA,AETCHEBERRY
13741,CUARTA,2020-06-05,BLANCO,AMU,SILVA,ZEPEDA,BARRA
13759,CUARTA,2020-06-04,BLANCO,AMU,SILVA,ZEPEDA,AETCHEBERRY
13775,CUARTA,2020-06-03,BLANCO,AMU,SILVA,ZEPEDA,DE
13794,CUARTA,2020-06-02,BLANCO,AMU,SILVA,ZEPEDA,AETCHEBERRY
13814,CUARTA,2020-06-01,BLANCO,AMU,SILVA,ZEPEDA,BARRA
13817,CUARTA,2020-07-10,BLANCO,AMU,SILVA,AREPETTO,DE
13820,CUARTA,2020-07-13,BRITO,BLANCO,AMU,SILVA,AREPETTO
13824,CUARTA,2020-07-14,BRITO,BLANCO,AMU,SILVA,AREPETTO
13829,CUARTA,2020-07-15,BRITO,BLANCO,AMU,SILVA,AREPETTO
13835,CUARTA,2020-07-17,BLANCO,AMU,SILVA,AREPETTO,BARRA
13842,CUARTA,2020-07-20,BRITO,BLANCO,AMU,SILVA,DE
13850,CUARTA,2020-07-21,BLANCO,AMU,SILVA,AETCHEBERRY,DE
13859,CUARTA,2020-07-22,BLANCO,AMU,SILVA,AREPETTO,BARRA
13870,CUARTA,2020-07-23,BLANCO,AMU,SILVA,AREPETTO,BARRA
13880,CUARTA,2020-07-24,BLANCO,AMU,SILVA,AREPETTO,AETCHEBERRY
13892,CUARTA,2020-07-27,BLANCO,AMU,AREPETTO,LAGOS,AETCHEBERRY
13906,CUARTA,2020-07-28,BLANCO,AMU,SILVA,AREPETTO,BARRA
13920,CUARTA,2020-07-29,BLANCO,AMU,SILVA,AREPETTO,DE
13935,CUARTA,2020-07-30,BLANCO,AMU,SILVA,AREPETTO,DE
13951,CUARTA,2020-07-31,BLANCO,AMU,SILVA,AREPETTO,AETCHEBERRY
13968,CUARTA,2020-07-09,BLANCO,AMU,SILVA,AREPETTO,AETCHEBERRY
13988,CUARTA,2020-07-08,BLANCO,AMU,DAHM,SILVA,AREPETTO
14009,CUARTA,2020-07-07,BLANCO,AMU,SILVA,AREPETTO,BARRA
14026,CUARTA,2020-07-06,BLANCO,AMU,SILVA,AREPETTO,BARRA
14047,CUARTA,2020-07-03,BLANCO,AMU,SILVA,AREPETTO,DE
14069,CUARTA,2020-07-02,BRITO,BLANCO,AMU,SILVA,BARRA
14092,CUARTA,2020-07-01,BLANCO,AMU,SILVA,AREPETTO,AETCHEBERRY
14093,CUARTA,2020-08-10,BLANCO,AMU,SILVA,AREPETTO,AETCHEBERRY
14098,CUARTA,2020-08-11,BLANCO,AMU,SILVA,AREPETTO,BARRA
14102,CUARTA,2020-08-12,BLANCO,AMU,SILVA,AREPETTO,AETCHEBERRY
14107,CUARTA,2020-08-13,BLANCO,AMU,SILVA,AREPETTO,DE
14113,CUARTA,2020-08-14,BLANCO,AMU,SILVA,AREPETTO,AETCHEBERRY
14120,CUARTA,2020-08-17,BLANCO,AMU,SILVA,AREPETTO,BARRA
14137,CUARTA,2020-08-19,BLANCO,AMU,SILVA,AREPETTO,BARRA
14147,CUARTA,2020-08-20,BLANCO,SILVA,AREPETTO,AETCHEBERRY,DE
14158,CUARTA,2020-08-21,KUNSEMULLER,BLANCO,AMU,SILVA,AREPETTO
14170,CUARTA,2020-08-24,BLANCO,AMU,SILVA,AREPETTO,AETCHEBERRY
14183,CUARTA,2020-08-25,BLANCO,AMU,SILVA,AREPETTO,AETCHEBERRY
14197,CUARTA,2020-08-26,BLANCO,AMU,SILVA,ABUAUAD,DE
14211,CUARTA,2020-08-27,BLANCO,AMU,SILVA,ABUAUAD,BARRA
14227,CUARTA,2020-08-28,BLANCO,AMU,SILVA,AREPETTO,BARRA
14244,CUARTA,2020-08-31,BLANCO,AMU,SILVA,AREPETTO,AETCHEBERRY
14262,CUARTA,2020-08-07,KUNSEMULLER,BLANCO,AMU,SILVA,AREPETTO
14282,CUARTA,2020-08-06,BLANCO,AMU,SILVA,AREPETTO,DE
14302,CUARTA,2020-08-05,BLANCO,AMU,SILVA,AREPETTO,BARRA
14323,CUARTA,2020-08-04,BLANCO,AMU,SILVA,AREPETTO,AETCHEBERRY
14345,CUARTA,2020-08-03,BRITO,BLANCO,AMU,SILVA,AREPETTO
14349,CUARTA,2020-09-10,BLANCO,AMU,SILVA,AETCHEBERRY,DE
14350,CUARTA,2020-09-11,BLANCO,AMU,SILVA,AREPETTO,AETCHEBERRY
14354,CUARTA,2020-09-14,BLANCO,ACHEVESICH,AMU,SILVA,AREPETTO
14359,CUARTA,2020-09-15,BLANCO,AMU,SILVA,AREPETTO,DE
14366,CUARTA,2020-09-16,BLANCO,AMU,SILVA,AREPETTO,BARRA
14373,CUARTA,2020-09-17,BLANCO,AMU,SILVA,ABUAUAD,BARRA
14385,CUARTA,2020-09-21,BLANCO,ACHEVESICH,AMU,SILVA,AREPETTO
14391,CUARTA,2020-09-22,BLANCO,AMU,SILVA,AREPETTO,AETCHEBERRY
14401,CUARTA,2020-09-23,BLANCO,AMU,SILVA,AREPETTO,DE
14413,CUARTA,2020-09-24,BLANCO,ACHEVESICH,AMU,SILVA,AREPETTO
14427,CUARTA,2020-09-25,BRITO,BLANCO,AMU,AREPETTO,AETCHEBERRY
14432,CUARTA,2020-09-28,ACHEVESICH,AMU,SILVA,AREPETTO,AETCHEBERRY
14447,CUARTA,2020-09-29,BLANCO,ACHEVESICH,AMU,AETCHEBERRY,BARRA
14460,CUARTA,2020-09-30,BLANCO,AMU,SILVA,AREPETTO,DE
14478,CUARTA,2020-09-09,BLANCO,AMU,SILVA,AREPETTO,LAGOS
14494,CUARTA,2020-09-08,BLANCO,AMU,SILVA,LAGOS,BARRA
14510,CUARTA,2020-09-07,BRITO,BLANCO,AMU,SILVA,AREPETTO
14533,CUARTA,2020-09-04,BLANCO,AMU,SILVA,AREPETTO,AETCHEBERRY
14558,CUARTA,2020-09-03,BLANCO,AMU,SILVA,AREPETTO,BARRA
14574,CUARTA,2020-09-02,BLANCO,AMU,SILVA,AREPETTO,ABUAUAD
14596,CUARTA,2020-09-01,BLANCO,AMU,SILVA,AREPETTO,AETCHEBERRY
14599,CUARTA,2020-10-13,BLANCO,AMU,SILVA,AREPETTO,AETCHEBERRY
14602,CUARTA,2020-10-14,BLANCO,AMU,SILVA,AREPETTO,BARRA
14605,CUARTA,2020-10-15,BLANCO,AMU,SILVA,AREPETTO,AETCHEBERRY
14610,CUARTA,2020-10-16,BLANCO,ACHEVESICH,AMU,SILVA,AREPETTO
14616,CUARTA,2020-10-19,BLANCO,ACHEVESICH,AMU,SILVA,AREPETTO
14623,CUARTA,2020-10-20,BLANCO,ACHEVESICH,AMU,SILVA,AREPETTO
14631,CUARTA,2020-10-21,BLANCO,AMU,SILVA,AETCHEBERRY,MUNITA
14639,CUARTA,2020-10-22,ACHEVESICH,AMU,SILVA,AREPETTO,BARRA
14651,CUARTA,2020-10-23,BLANCO,ACHEVESICH,AMU,SILVA,AREPETTO
14662,CUARTA,2020-10-27,BLANCO,ACHEVESICH,AMU,SILVA,BARRA
14689,CUARTA,2020-10-28,AMU,SILVA,AREPETTO,BARRA,DE
14701,CUARTA,2020-10-29,BRITO,BLANCO,AMU,SILVA,AETCHEBERRY
14716,CUARTA,2020-10-30,BLANCO,ACHEVESICH,AMU,SILVA,AREPETTO
14731,CUARTA,2020-10-09,BLANCO,ACHEVESICH,AMU,SILVA,PALLAVICINI
14748,CUARTA,2020-10-08,BLANCO,ACHEVESICH,SILVA,AREPETTO,DE
14766,CUARTA,2020-10-07,BLANCO,AMU,AREPETTO,AETCHEBERRY,BARRA
14784,CUARTA,2020-10-06,BLANCO,ACHEVESICH,AMU,SILVA,AREPETTO
14804,CUARTA,2020-10-05,BLANCO,ACHEVESICH,AMU,SILVA,AREPETTO
14825,CUARTA,2020-10-02,BLANCO,ACHEVESICH,SILVA,AREPETTO,DE
14846,CUARTA,2020-10-01,BLANCO,ACHEVESICH,AMU,SILVA,AREPETTO
14849,CUARTA,2020-11-10,AMU,SILVA,MERA,BARRA,DE
14852,CUARTA,2020-11-11,AMU,SILVA,ARAVANALES,MERA,BARRA
14856,CUARTA,2020-11-12,AMU,SILVA,AREPETTO,MERA,AETCHEBERRY
14861,CUARTA,2020-11-13,AMU,SILVA,MERA,BARRA,AGAJARDO
14868,CUARTA,2020-11-16,AMU,SILVA,AREPETTO,MERA,AETCHEBERRY
14875,CUARTA,2020-11-17,SILVA,AREPETTO,BIEL,MERA,BARRA
14883,CUARTA,2020-11-18,AMU,AREPETTO,ARAVANELES,MERA,DE
14893,CUARTA,2020-11-19,SILVA,AREPETTO,MERA,MUNITA,BARRA
14903,CUARTA,2020-11-20,AMU,SILVA,AREPETTO,MERA,BARRA
14914,CUARTA,2020-11-23,AMU,AREPETTO,MERA,AETCHEBERRY,ABUAUAD
14926,CUARTA,2020-11-24,BLANCO,AMU,AREPETTO,PALLAVICINI,DE
14939,CUARTA,2020-11-25,BLANCO,ACHEVESICH,AMU,SILVA,AREPETTO
14955,CUARTA,2020-11-26,ACHEVESICH,AMU,SILVA,AETCHEBERRY,BARRA
14971,CUARTA,2020-11-27,AMU,SILVA,AREPETTO,AETCHEBERRY,ABUAUAD
14988,CUARTA,2020-11-30,BLANCO,AMU,SILVA,AREPETTO,AETCHEBERRY
15005,CUARTA,2020-11-09,AMU,SILVA,AREPETTO,MERA,BARRA
15023,CUARTA,2020-11-06,MU,SHERTZER,MERA,LAGOS,AETCHEBERRY
15042,CUARTA,2020-11-05,PRADO,SILVA,AREPETTO,MERA,AETCHEBERRY
15062,CUARTA,2020-11-04,SILVA,AREPETTO,ARAVANALES,MERA,AETCHEBERRY
15083,CUARTA,2020-11-03,AMU,AREPETTO,MERA,AETCHEBERRY,DE
15106,CUARTA,2020-11-02,ACHEVESICH,AMU,SILVA,AREPETTO,MERA
15109,CUARTA,2020-12-10,AMU,SILVA,ARAVANALES,PALLAVICINI,DE
15113,ACTA DE INSTALACION  DE  LA CUARTA ,2020-12-10,,,,,
15118,CUARTA,2020-12-14,AMU,SILVA,ARAVANALES,MUNITA,DE
15120,ACTA DE INSTALACION  DE  LA CUARTA ,2020-12-14,,,,,
15122,CUARTA,2020-12-15,BLANCO,AMU,AREPETTO,BIEL,LAGOS
15128,CUARTA,2020-12-16,BLANCO,AMU,SILVA,AREPETTO,BARRA
15135,CUARTA,2020-12-17,BLANCO,AMU,AREPETTO,AETCHEBERRY,DE
15143,CUARTA,2020-12-21,BLANCO,VALDERRAMA,AREPETTO,GOMEZ,BARRA
15153,CUARTA,2020-12-22,BRITO,BLANCO,SILVA,AREPETTO,GOMEZ
15163,CUARTA,2020-12-23,SILVA,AREPETTO,GOMEZ,LAGOS,DE
15174,CUARTA,2020-12-24,BLANCO,SILVA,GOMEZ,AETCHEBERRY,DE
15177,ACTA DE INSTALACION  DE  LA CUARTA ,2020-12-24,,,,,
15186,CUARTA,2020-12-28,BLANCO,AREPETTO,GOMEZ,LAGOS,DE
15189,ACTA DE INSTALACION  DE  LA CUARTA ,2020-12-28,,,,,
15199,CUARTA,2020-12-29,BLANCO,AREPETTO,GOMEZ,AETCHEBERRY,DE
15213,CUARTA,2020-12-30,AREPETTO,MU,GOMEZ,LAGOS,AETCHEBERRY
15231,CUARTA,2020-12-31,ACHEVESICH,SILVA,GOMEZ,AETCHEBERRY,DE
15237,ACTA DE INSTALACION  DE  LA CUARTA ,2020-12-21,,,,,
15245,CUARTA,2020-12-09,AMU,SILVA,AREPETTO,AETCHEBERRY,PALLAVICINI
15277,CUARTA,2020-12-04,BLANCO,AMU,SILVA,BIEL,AETCHEBERRY
15295,CUARTA,2020-12-03,BLANCO,AMU,SILVA,BIEL,AETCHEBERRY
15314,CUARTA,2020-12-02,AMU,SILVA,AREPETTO,AETCHEVERRY,DE
15334,CUARTA,2020-12-01,BLANCO,AMU,SILVA,AREPETTO,PALLAVICINI
15337,CUARTA,2021-01-11,BLANCO,ACHEVESICH,AMU,SILVA,AREPETTO
15340,CUARTA,2021-01-12,BLANCO,ACHEVESICH,AMU,SILVA,AREPETTO
15344,CUARTA,2021-01-13,BLANCO,ACHEVESICH,AMU,SILVA,AREPETTO
15352,CUARTA,2021-01-15,BLANCO,AMU,SILVA,AREPETTO,AETCHEBERRY
15359,CUARTA,2021-01-18,BLANCO,AMU,SHERTZER,AETCHEBERRY,BARRA
15367,CUARTA,2021-01-19,ACHEVESICH,AMU,BIEL,AETCHEBERRY,BARRA
15375,CUARTA,2021-01-20,BLANCO,ACHEVESICH,AMU,AETCHEBERRY,BARRA
15384,CUARTA,2021-01-21,BLANCO,ACHEVESICH,AMU,AREPETTO,DE
15394,CUARTA,2021-01-22,BLANCO,ACHEVESICH,AMU,AREPETTO,DE
15405,CUARTA,2021-01-25,BLANCO,ACHEVESICH,AMU,AREPETTO,DE
15416,CUARTA,2021-01-26,BLANCO,ACHEVESICH,AMU,AREPETTO,ARAVANALES
15430,CUARTA,2021-01-27,AMU,AREPETTO,SHERTZER,AETCHEBERRY,MUNITA
15445,CUARTA,2021-01-28,ACHEVESICH,AMU,AREPETTO,AETCHEBERRY,BARRA
15461,CUARTA,2021-01-29,BLANCO,ACHEVESICH,AMU,AREPETTO,BARRA
15476,CUARTA,2021-01-08,BLANCO,ACHEVESICH,AMU,SILVA,AREPETTO
15496,CUARTA,2021-01-07,BLANCO,ACHEVESICH,AMU,SILVA,AREPETTO
15527,CUARTA,2021-01-06,BLANCO,AMU,SILVA,AREPETTO,AETCHEBERRY
15530,CUARTA,2021-02-10,AMU,AREPETTO,ARAVANALES,GOMEZ,AETCHEBERRY
15536,CUARTA,2021-02-15,SILVA,GOMEZ,SHERTZER,AETCHEBERRY,BARRA
15537,CUARTA,2021-02-11,ACHEVESICH,AMU,AREPETTO,GOMEZ,MUNITA
15541,CUARTA,2021-02-16,AREPETTO,GOMEZ,SHERTZER,AETCHEBERRY,BARRA
15546,CUARTA,2021-02-17,AMU,AREPETTO,GOMEZ,AETCHEBERRY,BARRA
15552,CUARTA,2021-02-18,AMU,AREPETTO,GOMEZ,AETCHEBERRY,PALLAVICINI
15558,CUARTA,2021-02-19,AMU,AREPETTO,GOMEZ,AETCHEBERRY,MUNITA
15567,CUARTA,2021-02-22,AMU,AREPETTO,GOMEZ,CONTRERAS,AETCHEBERRY
15587,CUARTA,2021-02-23,ACHEVESICH,AMU,GOMEZ,AETCHEBERRY,BARRA
15588,CUARTA,2021-02-24,AMU,GOMEZ,ALUSIC,LAGOS,BARRA
15600,CUARTA,2021-02-25,ACHEVESICH,MU,AREPETTO,GOMEZ,LAGOS
15612,CUARTA,2021-02-26,AMU,AREPETTO,GOMEZ,BARRA,AGAJARDO
15628,CUARTA,2021-02-09,ACHEVESICH,AMU,AREPETTO,GOMEZ,LAGOS
15638,CUARTA,2021-02-08,ACHEVESICH,AMU,AREPETTO,GOMEZ,BARRA
15668,CUARTA,2021-02-05,ACHEVESICH,AMU,AREPETTO,GOMEZ,ETCHEBERRY
15670,CUARTA,2021-02-04,ACHEVESICH,AMU,AREPETTO,GOMEZ,ETCHEBERRY
15686,CUARTA,2021-02-03,AMU,AREPETTO,GOMEZ,MUNITA,BARRA
15708,CUARTA,2021-02-02,ACHEVESICH,AMU,AREPETTO,GOMEZ,AETCHEBERRY
15722,CUARTA,2021-02-01,AMU,AREPETTO,GOMEZ,LAGOS,DE
15728,CUARTA,2021-03-10,AMU,GONZALEZ,GOMEZ,AGAJARDO,AETCHEBERRY
15733,CUARTA,2021-03-11,ACHEVESICH,GONZALEZ,GOMEZ,ALUSIC,AGAJARDO
15734,CUARTA,2021-03-12,AMU,GONZALEZ,GOMEZ,RUZ,AETCHEBERRY
15739,CUARTA,2021-03-15,ACHEVESICH,AMU,GONZALEZ,AGAJARDO,HUMERES
15746,CUARTA,2021-03-16,ACHEVESICH,AMU,GONZALEZ,RUZ,AETCHEBERRY
15758,CUARTA,2021-03-18,BRITO,ACHEVESICH,AMU,GONZALEZ,RUZ
15764,CUARTA,2021-03-17,AMU,GONZALEZ,CONTRERAS,AGAJARDO,AETCHEBERRY
15786,CUARTA,2021-03-22,BLANCO,AMU,GONZALEZ,AGAJARDO,RUZ
15787,CUARTA,2021-03-23,BLANCO,ACHEVESICH,AMU,AREPETTO,AETCHEBERRY
15793,CUARTA,2021-03-24,BLANCO,AMU,AREPETTO,AGAJARDO,RUZ
15801,CUARTA,2021-03-19,ACHEVESICH,AMU,GONZALEZ,AGAJARDO,AETCHEBERRY
15807,CUARTA,2021-03-25,BLANCO,ACHEVESICH,AMU,AREPETTO,RUZ
15821,CUARTA,2021-03-26,BLANCO,AREPETTO,ALUSIC,RUZ,AETCHEBERRY
15853,CUARTA,2021-03-29,BLANCO,ACHEVESICH,AREPETTO,AGAJARDO,RUZ
15867,CUARTA,2021-03-31,BLANCO,AMU,AREPETTO,ACOPPO,RUZ
15882,CUARTA,2021-03-09,ACHEVESICH,GONZALEZ,GOMEZ,AGAJARDO,RUZ
15884,CUARTA,2021-03-30,BLANCO,ACHEVESICH,AMU,HUMERES,AETCHEBERRY
15902,CUARTA,2021-03-08,ACHEVESICH,AMU,GONZALEZ,GOMEZ,ARUZ
15922,CUARTA,2021-03-05,ACHEVESICH,AMU,GOMEZ,ALUSIC,AGAJARDO
15943,CUARTA,2021-03-04,ACHEVESICH,AMU,GOMEZ,ABUAUAD,AETCHEBERRY
15965,CUARTA,2021-03-03,AMU,AREPETTO,GOMEZ,ABUAUAD,AETCHEBERRY
15990,CUARTA,2021-03-02,ACHEVESICH,AMU,GOMEZ,ABUAUAD,AETCHEBERRY
16014,CUARTA,2021-03-01,ACHEVESICH,AMU,AREPETTO,GOMEZ,AETCHEBERRY
16019,CUARTA,2021-04-12,BLANCO,ACHEVESICH,AMU,AREPETTO,AGAJARDO
16021,CUARTA,2021-04-13,BLANCO,ACHEVESICH,AMU,AREPETTO,RUZ
16025,CUARTA,2021-01-14,BLANCO,ACHEVESICH,AMU,SILVA,AREPETTO
16030,CUARTA,2021-04-15,BLANCO,AMU,AREPETTO,AGAJARDO,AETCHEBERRY
16036,CUARTA,2021-04-16,BLANCO,ACHEVESICH,AMU,AREPETTO,ARUZ
16044,CUARTA,2021-04-19,AMAGGI,FUENTES,BLANCO,ACHEVESICH,AMU
16051,CUARTA,2021-04-20,BLANCO,ACHEVESICH,AMU,AREPETTO,AGAJARDO
16068,CUARTA,2021-04-22,BLANCO,AMU,AREPETTO,AGAJARDO,ACOPPO
16078,CUARTA,2021-04-23,BLANCO,ACHEVESICH,AMU,HUMERES,AETCHEBERRY
16091,CUARTA,2021-04-26,BLANCO,ACHEVESICH,AMU,RUZ,AETCHEBERRY
16103,CUARTA,2021-04-27,BLANCO,ACHEVESICH,AMU,AGAJARDO,AETCHEBERRY
16115,CUARTA,2021-04-28,BLANCO,ACHEVESICH,AMU,AGUILA,RUZ
16129,CUARTA,2021-04-29,BLANCO,AMU,AREPETTO,AGAJARDO,RUZ
16145,CUARTA,2021-04-30,AMU,SILVA,AREPETTO,AGAJARDO,AETCHEBERRY
16158,CUARTA,2021-04-09,BLANCO,ACHEVESICH,AMU,AREPETTO,ARAVANALES
16177,CUARTA,2021-04-08,BLANCO,AMU,AREPETTO,ACOPPO,AETCHEBERRY
16196,CUARTA,2021-04-07,BLANCO,AMU,AREPETTO,ATAVOLARI,RUZ
16215,CUARTA,2021-04-06,BLANCO,ACHEVESICH,AMU,AREPETTO,AGAJARDO
16235,CUARTA,2021-04-05,BLANCO,ACHEVESICH,AMU,AREPETTO,AGAJARDO
16254,CUARTA,2021-04-01,BLANCO,ACHEVESICH,AMU,AREPETTO,AGAJARDO
16259,CUARTA,2021-05-10,ACHEVESICH,AMU,AREPETTO,AGAJARDO,ALCALDE
16263,CUARTA,2021-05-12,BLANCO,AMU,AREPETTO,AGAJARDO,AETCHEBERRY
16264,CUARTA,2021-05-11,BLANCO,ACHEVESICH,AMU,AREPETTO,AGAJARDO
16268,CUARTA,2021-05-13,BLANCO,SILVA,AREPETTO,AGAJARDO,ALCALDE
16273,CUARTA,2021-05-14,BLANCO,ACHEVESICH,AMU,AREPETTO,RUZ
16277,CUARTA,2021-05-17,BLANCO,ACHEVESICH,AMU,AREPETTO,AETCHEBERRY
16284,CUARTA,2021-05-18,BLANCO,ACHEVESICH,AMU,MUNITA,RUZ
16291,CUARTA,2021-05-19,ACHEVESICH,AMU,GOMEZ,ALCALDE,HUMERES
16298,CUARTA,2021-05-20,AMU,AREPETTO,ARAVANALES,GOMEZ,AETCHEBERRY
16309,CUARTA,2021-05-24,AREPETTO,BIEL,MU,GOMEZ,RUZ
16341,CUARTA,2021-05-26,ACHEVESICH,AMU,AREPETTO,AGAJARDO,AETCHEBERRY
16353,CUARTA,2021-05-28,ACHEVESICH,AREPETTO,GOMEZ,AGAJARDO,AETCHEBERRY
16371,CUARTA,2021-05-31,ACHEVESICH,AMU,GOMEZ,MUNITA,RUZ
16378,CUARTA,2021-05-27,AMU,AREPETTO,GOMEZ,RUZ,FUENTES
16397,CUARTA,2021-05-07,BLANCO,ACHEVESICH,AREPETTO,AGAJARDO,AETCHEBERRY
16398,CUARTA,2021-05-06,BLANCO,AREPETTO,ARAVANALES,RUZ,AETCHEBERRY
16419,CUARTA,2021-05-05,BLANCO,AMU,AREPETTO,AGAJARDO,AETCHEBERRY
16436,CUARTA,2021-05-04,BLANCO,ACHEVESICH,AMU,AREPETTO,AGAJARDO
16452,CUARTA,2021-05-03,BLANCO,ACHEVESICH,AMU,AREPETTO,RUZ
16455,CUARTA,2021-06-10,AMU,AREPETTO,GOMEZ,AGAJARDO,ACOPPO
16458,CUARTA,2021-06-11,ACHEVESICH,AMU,AREPETTO,GOMEZ,ACOPPO
16464,CUARTA,2021-06-14,ACHEVESICH,AMU,AREPETTO,GOMEZ,AETCHEBERRY
16466,CUARTA,2021-06-15,ACHEVESICH,AREPETTO,GOMEZ,RUZ,AETCHEBERRY
16471,CUARTA,2021-06-16,ACHEVESICH,AMU,GOMEZ,AGAJARDO,RUZ
16480,CUARTA,2021-06-17,AMU,AREPETTO,GOMEZ,AGAJARDO,AETCHEBERRY
16485,CUARTA,2021-06-18,AMU,MU,GOMEZ,AGAJARDO,AETCHEBERRY
16492,CUARTA,2021-06-22,ACHEVESICH,AMU,AREPETTO,GOMEZ,RUZ
16505,CUARTA,2021-06-23,ACHEVESICH,AMU,AREPETTO,GOMEZ,ACOPPO
16523,CUARTA,2021-06-25,AREPETTO,MU,GOMEZ,AGAJARDO,AETCHEBERRY
16536,CUARTA,2021-06-29,ACHEVESICH,AMU,AREPETTO,GOMEZ,ZEPEDA
16538,CUARTA,2021-06-24,AMU,AREPETTO,GOMEZ,AGAJARDO,AETCHEBERRY
16551,CUARTA,2021-06-30,ACHEVESICH,AMU,GOMEZ,AGAJARDO,RUZ
16578,CUARTA,2021-06-09,ACHEVESICH,AMU,AREPETTO,GOMEZ,AETCHEBERRY
16579,CUARTA,2021-06-08,ACHEVESICH,AMU,AREPETTO,GOMEZ,AGAJARDO
16595,CUARTA,2021-06-07,ACHEVESICH,AMU,AREPETTO,GOMEZ,RUZ
16610,CUARTA,2021-06-04,ACHEVESICH,AMU,AREPETTO,GOMEZ,AETCHEBERRY
16626,CUARTA,2021-06-03,ACHEVESICH,AMU,AREPETTO,GOMEZ,AETCHEBERRY
16647,CUARTA,2021-06-02,AMU,AREPETTO,GOMEZ,HUMERES,ACOPPO
16669,CUARTA,2021-06-01,ACHEVESICH,AMU,AREPETTO,GOMEZ,RUZ
16673,CUARTA,2021-07-12,ACHEVESICH,AMU,AREPETTO,GOMEZ,AETCHEBERRY
16677,CUARTA,2021-07-13,AMU,AREPETTO,GOMEZ,AGAJARDO,RUZ
16679,CUARTA,2021-07-14,ACHEVESICH,AMU,AREPETTO,ABUAUAD,AETCHEBERRY
16689,CUARTA,2021-07-15,ACHEVESICH,AMU,PRADO,AGAJARDO,AETCHEBERRY
16690,CUARTA,2021-07-19,ACHEVESICH,AMU,AREPETTO,RUZ,AETCHEBERRY
16710,CUARTA,2021-07-20,BLANCO,AMU,AREPETTO,RUZ,AETCHEBERRY
16712,CUARTA,2021-07-22,BLANCO,AMU,AREPETTO,ATAVOLARI,RUZ
16723,CUARTA,2021-07-23,BLANCO,AMU,AREPETTO,RUZ,AETCHEBERRY
16734,CUARTA,2021-07-26,AMU,AREPETTO,, ZEPEDA,AGAJARDO
16744,CUARTA,2021-07-27,AMU,AREPETTO,, ZEPEDA,ACOPPO
16767,CUARTA,2021-07-29,AMU,AREPETTO,, ZEPEDA,ACOPPO
16783,CUARTA,2021-07-30,AMU,AREPETTO,MERA,, ZEPEDA
16798,CUARTA,2021-07-09,ACHEVESICH,AMU,AREPETTO,GOMEZ,ACOPPO
16814,CUARTA,2021-07-08,AMU,AREPETTO,GOMEZ,RUZ,AETCHEBERRY
16832,CUARTA,2021-07-07,ACHEVESICH,AMU,AREPETTO,GOMEZ,FUENTES
16848,CUARTA,2021-07-06,ACHEVESICH,AMU,AREPETTO,GOMEZ,AETCHEBERRY
16867,CUARTA,2021-07-05,ACHEVESICH,AMU,AREPETTO,GOMEZ,AGAJARDO
16887,CUARTA,2021-07-02,ACHEVESICH,AMU,AREPETTO,GOMEZ,RUZ
16907,CUARTA,2021-07-01,BRITO,AMU,GOMEZ,AGAJARDO,ACOPPO
16910,CUARTA,2021-08-10,BLANCO,ACHEVESICH,AMU,AREPETTO,LLANOS
16913,CUARTA,2021-08-11,BLANCO,ACHEVESICH,AMU,AREPETTO,AETCHEBERRY
16917,CUARTA,2021-08-12,ACHEVESICH,AMU,AREPETTO,MUNITA,AETCHEBERRY
16922,CUARTA,2021-08-13,ACHEVESICH,AMU,AREPETTO,AGAJARDO,RUZ
16927,CUARTA,2021-08-16,ACHEVESICH,AMU,AREPETTO,AGAJARDO,AETCHEBERRY
16934,CUARTA,2021-08-17,AMU,AREPETTO,CARROZA,AGAJARDO,AETCHEBERRY
16942,CUARTA,2021-08-18,ACHEVESICH,AMU,AREPETTO,AGAJARDO,ACOPPO
16961,CUARTA,2021-08-20,ACHEVESICH,AMU,AREPETTO,ARAVANALES,AETCHEBERRY
16970,CUARTA,2021-08-19,AMU,AREPETTO,MERA,ACOPPO,RUZ
16985,CUARTA,2021-08-24,ACHEVESICH,AMU,AREPETTO,AGAJARDO,
16996,CUARTA,2021-08-23,ACHEVESICH,AMU,AREPETTO,AGAJARDO,A
16998,CUARTA,2021-08-25,AMU,AREPETTO,, MERA,AGAJARDO
17023,CUARTA,2021-08-26,ACHEVESICH,AMU,A,RUZ,A
17024,CUARTA,2021-08-27,ACHEVESICH,AMU,AREPETTO,AGAJARDO,AETCHEBERRY
17040,CUARTA,2021-08-30,AMU,AREPETTO,ALETELIER,RUZ,AETCHEBERRY
17075,CUARTA,2021-08-31,AMU,CARROZA,ALETELIER,RUZ,AETCHEBERRY
17098,CUARTA,2021-08-06,BLANCO,ACHEVESICH,AMU,AGAJARDO,AETCHEBERRY
17112,CUARTA,2021-08-05,BLANCO,ACHEVESICH,AMU,AREPETTO,RUZ
17137,CUARTA,2021-08-04,ACHEVESICH,AMU,ZEPEDA,AGAJARDO,AETCHEBERRY
17177,CUARTA,2021-10-12,AMU,BIEL,GOMEZ,RUZ,AETCHEBERRY
17181,CUARTA,2020-03-30,, SILVA,ES,AS,
17182,CUARTA,2020-05-11,, SILVA,ES,AS,ES
17183,CUARTA,2020-07-27,, SILVA,ES,AS,ES
17184,CUARTA,2020-09-21,, SILVA,ES,AS,ES
17185,CUARTA,2020-12-07,, SILVA,ES,AS,ES
17191,CUARTA,2021-02-08,, SILVA,ES,AS,ES
17193,CUARTA,2021-02-22,, SILVA,A,ES,A
17194,CUARTA,2021-04-21,, SILVA,ES,AS,ES
17200,CUARTA,2021-04-12,, SILVA,ES,AS,ES
17206,CUARTA,2021-05-10,, SILVA,ES,AS,ES
17208,CUARTA,2021-06-14,, SILVA,ES,AS,ES
17209,CUARTA,2021-07-19,, SILVA,," MUÑOZ,",AS
17215,CUARTA,2020-04-27,, SILVA,ES,AS,ES
17216,CUARTA,2020-01-27,, SILVA,ES,AS,
17217,PRIMERA,2021-07-21,AMAGGI,AMU,SILVA,AREPETTO,MUNITA
